UNIVERSE,ASSET CLASS,CATEGORY,SUB-CATEGORY,AMC,ETF,BENCHMARK INDEX,website_link,SYMBOL,BSE TICKER,ISIN CODE,LAUNCH DATE,AUM(Crores),EXPENSE RATIO,OVERALL TRACKING ERROR,OVERALL TRACKING DIFFERENCE,YEARS ACTIVE
,COMMODITIES,GOLD,,Choice Mutual Fund,Choice Gold ETF,Domestic Price of Gold,https://choicemf.com/mutual-funds/etf,CHOICEGOLD,,INF2KCX01012,10-11-2025,,0.51,,-0.5,0.09
,COMMODITIES,GOLD,,360 ONE Mutual Fund,360 ONE Gold ETF,Domestic Price of Gold,https://www.360.one/asset-management/mutualfund/,GOLD360,544375,INF579M01BB5,17-03-2025,62.39,0.43,,,0.73
,COMMODITIES,SILVER,,360 ONE Mutual Fund,360 ONE Silver ETF,Domestic Price of Physical Silver,https://archive.iiflmf.com/international/our-funds/etf/360-one-silver-etf,SILVER360,544389,INF579M01BC3,10-03-2025,51.51,0.41,,,0.75
NSE,EQUITY,STRATEGIC,Nifty 200 Factor Indices,Aditya Birla Sun Life MF,Aditya Birla Sun Life Nifty 200 Momentum 30 ETF,Nifty 200 Momentum 30 TRI,https://mutualfund.adityabirlacapital.com/products/wealth-creation-solutions/aditya-birla-sun-life-nifty-200-momentum-30-etf,MOMENTUM,543575,INF209KB14K7,19-08-2022,46.55,0.29,0.26,-0.5,3.27
NSE,EQUITY,STRATEGIC,Nifty 200 Factor Indices,Aditya Birla Sun Life MF,Aditya Birla Sun Life Nifty 200 Quality 30 ETF,Nifty 200 Quality 30 TRI,https://mutualfund.adityabirlacapital.com/products/wealth-creation-solutions/aditya-birla-sun-life-nifty-200-quality-30-etf,NIFTYQLITY,543574,INF209KB15K4,19-08-2022,28.89,0.29,0.07,-0.38,3.27
NSE,EQUITY,BROADER,Nifty 50,Aditya Birla Sun Life MF,Aditya Birla Sun Life Nifty 50 ETF,Nifty 50 TRI,https://mutualfund.adityabirlacapital.com/products/wealth-creation-solutions/aditya-birla-sun-life-nifty-50-etf,BSLNIFTY,543474,INF209KB19DI,22-07-2011,2988,0.04,0.03,-0.17,14.32
BSE,EQUITY,BROADER,BSE Sensex,Aditya Birla Sun Life MF,Aditya Birla Sun Life BSE Sensex ETF,S&P BSE Sensex TRI,https://mutualfund.adityabirlacapital.com/products/wealth-creation-solutions/aditya-birla-sun-life-bse-sensex-etf,BSLSENETFG,540008,INF209KB10E8,18-07-2016,289,0.04,0.03,-1.35,9.34
NSE,EQUITY,BROADER,Nifty Next 50,Aditya Birla Sun Life MF,Aditya Birla Sun Life Nifty Next 50 ETF,Nifty Next 50 TRI,https://mutualfund.adityabirlacapital.com/products/wealth-creation-solutions/aditya-birla-sun-life-nifty-next-50-etf,ABSLNN50ET,542230,INF209KB16D7,11-08-2012,96.06,0.09,0.11,-0.23,13.28
NSE,EQUITY,SECTORAL,BANK,Aditya Birla Sun Life MF,Aditya Birla Sun Life Banking ETF,Nifty Bank TRI,https://mutualfund.adityabirlacapital.com/products/wealth-creation-solutions/aditya-birla-sun-life-nifty-bank-etf,ABSLBANETF,542863,INF209KB17D5,30-10-2019,2788.9,0.14,0.02,-0.27,6.11
NSE,EQUITY,SECTORAL,FINANCIAL SERVICES,Aditya Birla Sun Life MF,Aditya Birla Sun Life Nifty Financial Services ETF,Nifty Financial Services TRI,https://mutualfund.adityabirlacapital.com/campaign/aditya-birla-sun-life-nifty-financial-services-etf,ABSLFINSRV,,INF209KB15I8,03-08-2022,,0,,,3.35
NSE,EQUITY,SECTORAL,HEALTHCARE,Aditya Birla Sun Life MF,Aditya Birla Sun Life Nifty Healthcare ETF,Nifty Healthcare TRI,https://mutualfund.adityabirlacapital.com/products/wealth-creation-solutions/aditya-birla-sun-life-nifty-healthcare-etf,HEALTHY,543473,INF209KB10C2,28-10-2021,46.77,0.19,0.04,-0.02,4.11
NSE,EQUITY,SECTORAL,IT,Aditya Birla Sun Life MF,Aditya Birla Sun Life Nifty IT ETF,NIFTY IT TRI,https://mutualfund.adityabirlacapital.com/products/wealth-creation-solutions/aditya-birla-sun-life-nifty-it-etf,TECH,543472,INF209KB11D8,03-11-2021,226.83,0.19,0.06,-0.34,4.09
NSE,EQUITY,THEMATIC,PSE,Aditya Birla Sun Life MF,Aditya Birla Sun Life Nifty PSE ETF,Nifty PSE TRI,https://mutualfund.adityabirlacapital.com/products/wealth-creation-solutions/aditya-birla-sun-life-nifty-pse-etf,ABSLPSE,544218,INF209KB19Z4,23-05-2024,32.01,0.2,0.07,-0.13,1.54
,COMMODITIES,GOLD,,Aditya Birla Sun Life MF,Aditya Birla Sun Life Gold ETF - Growth,Domestic Price of Gold,https://mutualfund.adityabirlacapital.com/products/wealth-creation-solutions/aditya-birla-sun-life-gold-etf,BSLGOLDETF,533408,INF209KB18D3,13-05-2011,1715.12,0.47,0.88,-1.09,14.59
,COMMODITIES,SILVER,,Aditya Birla Sun Life MF,Aditya Birla Sun Life Silver ETF,Domestic Price of Physical Silver,https://mutualfund.adityabirlacapital.com/products/wealth-creation-solutions/aditya-birla-sun-life-silver-etf,SILVER,543471,INF209KB19F6,31-01-2022,1756.21,0.35,0.53,-1.12,3.86
,DEBT,LIQUID,,Aditya Birla Sun Life MF,Aditya Birla Sun Life CRISIL Liquid Overnight ETF,CRISIL Liquid Overnight Index,https://www.nseindia.com/get-quote/equity/ABSLLIQUID/Aditya-Birla-Sun-Life-CRISIL-Liquid-Overnight-ETF,ABSLLIQUID,,INF209KB18T9,16-03-2023,42.75,0.43,0.01,-0.47,2.75
,DEBT,GILT,,Aditya Birla Sun Life MF,Aditya Birla Sun Life CRISIL 10 Year Gilt ETF,Crisil 10 year Gilt Index,https://mutualfund.adityabirlacapital.com/products/saving-solution/aditya-birla-sun-life-crisil-10-year-gilt-etf,GSEC10ABSL,,INF209KC1142,19-08-2024,31.73,0.2,0.54,0.38,1.32
,DEBT,GILT,,Aditya Birla Sun Life MF,Aditya Birla Sun Life CRISIL Broad Based Gilt ETF,CRISIL Broad Based Gilt Index,https://mutualfund.adityabirlacapital.com/empower/passive-etfs/CRISIL-Broad-Based-Gilt-ETF.html,ABGSEC,,INF209KC1134,05-07-2024,44.39,0.19,0.58,0.43,1.44
NSE,EQUITY,BROADER,Nifty Total Market,Angel One Mutual Fund,Angel One Nifty Total Market ETF,Nifty Total Market TRI,https://www.angelone.in/mutual-funds/mf-schemes/angel-one-nifty-total-market-etf-direct-plan,AONETOTAL,,INF1J2R01015,28-02-2025,43.86,0.28,0.03,,0.74
,DEBT,LIQUID,,Angel One Mutual Fund,Angel One Nifty 1D Rate Liquid ETF,Nifty 1D Rate Index,https://www.angelone.in/mutual-funds/mf-schemes/angel-one-nifty-1d-rate-liquid-etf-direct-plan,AONELIQUID,,INF1J2R01056,28-03-2025,230.34,0.27,0.04,,0.73
,COMMODITIES,GOLD,,Angel One Mutual Fund,Angel One Gold ETF,Domestic Price of Gold,https://www.angelone.in/mutual-funds/mf-schemes/angel-one-gold-etf,AONEGOLD,,INF1J2R01114,10-09-2025,42.51,0,0.61,,0.26
NSE,EQUITY,BROADER,Nifty 50,Angel One Mutual Fund,Angel One Nifty 50 ETF,Nifty 50 TRI,https://www.angelone.in/mutual-funds/mf-schemes/angel-one-nifty-50-etf-direct-plan,AONENIFTY,,INF1J2R01064,28-05-2025,13.42,0.09,0.06,,0.55
NSE,EQUITY,STRATEGIC,Nifty Total Market Factor Indices,Angel One Mutual Fund,Angel One Nifty Total Market Momentum Quality 50 ETF,Nifty Total Market Momentum Quality 50 TRI,https://www.angelone.in/mutual-funds/mf-schemes/angel-one-nifty-total-market-momentum-quality-50-etf,AONETMMQ50,,INF1J2R01148,03-11-2025,5.57,0.34,,,0.11
NSE,EQUITY,BROADER,Nifty 50,Axis Mutual Fund,Axis Nifty 50 ETF,Nifty 50 TRI,https://www.axismf.com/mutual-funds/etfs/axis-nifty-50-etf/ne-gp,AXISNIFTY,,INF846K01W98,03-07-2017,1101,0.04,0.03,0.02,8.36
BSE,EQUITY,BROADER,BSE Sensex,Axis Mutual Fund,Axis S&P BSE SENSEX ETF,S&P BSE Sensex TRI,https://www.axismf.com/mutual-funds/etfs/axis-bse-sensex-etf/pe-gp,AXSENSEX,543853,INF846K010Q0,29-03-2023,136,0.04,0.03,-0.26,2.64
NSE,EQUITY,STRATEGIC,Nifty 500 Factor Indices,Axis Mutual Fund,Axis Nifty500 Value 50 ETF,Nifty 500 Value 50 TRI,https://www.axismf.com/mutual-funds/etfs/axis-nifty500-value-50-etf/ve-gp,AXISVALUE,544382,INF846KA1119,20-03-2025,15.22,0.25,0.79,1.21,0.68
NSE,EQUITY,SECTORAL,BANK,Axis Mutual Fund,Axis NIFTY Bank ETF,Nifty Bank TRI,https://www.axismf.com/mutual-funds/etfs/axis-nifty-bank-etf/be-gp,AXISBNKETF,,INF846K01X63,09-11-2020,387.91,0.2,0.04,0.44,5.08
NSE,EQUITY,SECTORAL,HEALTHCARE,Axis Mutual Fund,Axis NIFTY Healthcare ETF,Nifty Healthcare TRI,https://www.axismf.com/mutual-funds/etfs/axis-nifty-healthcare-etf/he-gp,AXISHCETF,543348,INF846K01Z12,21-05-2021,20.22,0.34,0.03,-0.67,4.55
NSE,EQUITY,SECTORAL,IT,Axis Mutual Fund,Axis NIFTY IT ETF,Nifty IT TRI,https://www.axismf.com/mutual-funds/etfs/axis-nifty-it-etf/te-gp,AXISTECETF,543347,INF846K01Y96,31-03-2021,187.05,0.23,0.06,-0.79,4.69
NSE,EQUITY,THEMATIC,India Cosumption,Axis Mutual Fund,Axis NIFTY India Consumption ETF,Nifty India Consumption TRI,https://www.axismf.com/mutual-funds/etfs/axis-nifty-india-consumption-etf/ce-gp,AXISCETF,543357,INF846K016C7,23-09-2021,14.71,0.38,0.03,-0.35,4.21
,COMMODITIES,GOLD,,Axis Mutual Fund,AXIS Gold Exchange Traded Fund,Domestic Price of Gold,https://www.axismf.com/mutual-funds/other-funds/axis-gold-etf/ag-dg/direct,AXISGOLD,533570,INF846K01W80,20-10-2010,2898.98,0.56,0.24,-1.33,15.15
,COMMODITIES,SILVER,,Axis Mutual Fund,Axis Silver ETF,Domestic Price of Physical Silver,https://www.axismf.com/mutual-funds/etfs/axis-silver-etf/sf-gp,AXISILVER,,INF846K011K1,02-09-2022,720.88,0.37,0.58,-1.28,3.27
,DEBT,SDL,,Axis Mutual Fund,Axis Nifty AAA Bond Plus SDL Apr 2026 50-50 ETF,Nifty AAA Bond Plus SDL Apr 2026 50:50 Index,https://www.axismf.com/mutual-funds/etfs/axis-nifty-aaa-bond-plus-sdl-apr-2026-50:50-etf/se-gp,AXISBPSETF,,INF846K01Z04,18-05-2021,1101.79,0.28,0.22,0.08,4.58
NSE,EQUITY,SECTORAL,BANK,Bajaj Finserv Mutual Fund,Bajaj Finserv Nifty Bank ETF,Nifty Bank TRI,https://www.bajajfinserv.in/investments/bajaj-finserv-nifty-bank-etf,BANKBETF,544093,INF0QA701714,29-01-2024,360.84,0.13,0.05,-0.16,1.85
,DEBT,LIQUID,,Bajaj Finserv Mutual Fund,Bajaj Finserv Nifty 1D Rate Liquid ETF Growth,Nifty 1D Rate Index,https://www.bajajfinserv.in/investments/bajaj-finserv-nifty-1d-rate-liquid-etf,LIQUIDBETF,544182,INF0QA701854,13-05-2024,456.95,0.19,0.1,-0.36,1.58
NSE,EQUITY,BROADER,Nifty 50,Bajaj Finserv Mutual Fund,Bajaj Finserv Nifty 50 ETF,Nifty 50 TRI,https://www.bajajamc.com/mutual-funds/etf/bajaj-finserv-nifty-50-etf,NIFTYBETF,,INF0QA701722,29-01-2024,197.72,0.07,0.04,-0.08,1.88
NSE,EQUITY,BROADER,Nifty 50,Bandhan Mutual Fund,Bandhan Nifty 50 ETF,Nifty 50 TRI,https://hubmobile.bandhanamc.com/etf/,IDFNIFTYET,,INF194KA1U07,07-10-2016,21,0.09,0.03,-0.24,9.1
,COMMODITIES,SILVER,,Bandhan Mutual Fund,Bandhan Silver ETF,Domestic Price of Physical Silver,https://bandhanmutual.com/campaign/nfo/,SILVERBND,,INF194KB1KI9,12-12-2025,,0,,,0.01
,COMMODITIES,GOLD,,Bandhan Mutual Fund,Bandhan Gold ETF,Domestic Price of Gold,https://bandhanmutual.com/campaign/nfo/,GOLDBND,,INF194KB1KJ7,12-12-2025,,0,,,0.01
NSE,EQUITY,SECTORAL,BANK,Baroda BNP Paribas Mutual Fund,Baroda BNP Paribas Nifty Bank ETF,Nifty Bank TRI,https://www.barodabnpparibasmf.in/efactsheet/Sep2025/Innerpages/NIFTY-BANK-ETF.html,BBNPNBETF,544196,INF251K01TL6,24-06-2024,3.5,0.09,0.09,-0.27,1.45
,COMMODITIES,GOLD,,Baroda BNP Paribas Mutual Fund,Baroda BNP Paribas Gold ETF,Domestic Price of Gold,https://www.barodabnpparibasmf.in/mutual-fund-schemes/etf-funds/baroda-bnp-paribas-gold-etf/regular-growth,BBNPPGOLD,544043,INF251K01SU9,13-12-2023,241,0.59,0.39,-2.6,1.99
NSE,EQUITY,BROADER,Nifty 50,DSP Mutual Fund,DSP Nifty 50 ETF,Nifty 50 TRI,https://www.dspim.com/invest/mutual-fund-schemes/exchange-traded-funds/nifty-50/dnyet-direct-growth#schemeFundDetails,NIFTY50ADD,543440,INF740KA1CL0,30-12-2021,160,0.07,0.02,-0.01,3.87
BSE,EQUITY,BROADER,BSE Sensex,DSP Mutual Fund,DSP BSE Sensex ETF,S&P BSE Sensex TRI,https://www.dspim.com/invest/mutual-fund-schemes/exchange-traded-funds/s-p-bse-sensex-etf/dspbs-direct-growth,SENSEXADD,543947,INF740KA1SZ6,02-08-2023,8.46,0.08,0.02,0.27,2.3
NSE,EQUITY,STRATEGIC,Nifty Midcap 150 Factor Indices,DSP Mutual Fund,DSP Nifty Midcap 150 Quality 50 ETF,Nifty Midcap 150 Quality 50 TRI,https://www.dspim.com/invest/mutual-fund-schemes/exchange-traded-funds/nifty-midcap-150-quality-50/dnmcf-direct-growth#schemeFundDetails,MIDQ50ADD,,INF740KA1QL0,30-12-2021,104.35,0.3,0.09,-0.25,3.91
NSE,EQUITY,STRATEGIC,Nifty 500 Factor Indices,DSP Mutual Fund,DSP Nifty500 Flexicap Quality 30 ETF,Nifty 500 Flexicap Quality 30 TRI,https://www.dspim.com/invest/mutual-fund-schemes/exchange-traded-funds/dsp-nifty500-flexicap-quality-30-etf/dnfqe-direct-growth,FLEXIADD,544581,INF740KA1WU9,16-10-2025,10.33,0.31,0.01,0.14,0.13
NSE,EQUITY,STRATEGIC,Nifty 50 Factor Indices,DSP Mutual Fund,DSP Nifty 50 Equal Weight ETF,Nifty 50 Equal Weight TRI,https://www.dspim.com/invest/mutual-fund-schemes/exchange-traded-funds/nifty-50-equal-weight/dnew-direct-daily-idcw,EQUAL50ADD,543388,INF740KA1QK2,08-11-2021,609.68,0.2,0.03,-0.37,4.08
NSE,EQUITY,SECTORAL,BANK,DSP Mutual Fund,DSP Nifty Bank ETF,Nifty Bank TRI,https://www.dspim.com/invest/mutual-fund-schemes/exchange-traded-funds/nifty-bank-etf/dsnbe-direct-growth,BANKETFADD,543738,INF740KA1RX3,06-01-2023,727.27,0.15,0.02,-0.15,2.92
NSE,EQUITY,SECTORAL,HEALTHCARE,DSP Mutual Fund,DSP Nifty Healthcare ETF,Nifty Healthcare TRI,https://www.dspim.com/invest/mutual-fund-schemes/exchange-traded-funds/nifty-healthcare-etf/dnhce-direct-growth,HEALTHADD,544109,INF740KA1UF4,07-02-2024,11.12,0.2,0.03,-0.27,1.83
NSE,EQUITY,SECTORAL,IT,DSP Mutual Fund,DSP Nifty IT ETF,NIFTY IT TRI,https://www.dspim.com/invest/mutual-fund-schemes/exchange-traded-funds/nifty-it-etf/dsnit-direct-growth,ITETFADD,543935,INF740KA1SX1,13-07-2023,43.87,0.2,0.05,-0.31,2.4
NSE,EQUITY,SECTORAL,PRIVATE BANK,DSP Mutual Fund,DSP Nifty Private Bank ETF,Nifty Private Bank TRI,https://www.dspim.com/invest/mutual-fund-schemes/exchange-traded-funds/nifty-private-bank-etf/dnpbe-direct-growth#schemeFundDetails,PVTBANKADD,543949,INF740KA1TA7,02-08-2023,442.56,0.16,0.03,-0.16,2.35
NSE,EQUITY,SECTORAL,PSU BANK,DSP Mutual Fund,DSP Nifty PSU Bank ETF,Nifty PSU Bank TRI,https://www.dspim.com/invest/mutual-fund-schemes/exchange-traded-funds/nifty-psu-bank-etf/dpsub-direct-growth,PSUBANKADD,543948,INF740KA1SY9,02-08-2023,178.96,0.15,0.09,-0.44,2.35
NSE,EQUITY,STRATEGIC,Nifty Top 10,DSP Mutual Fund,DSP Nifty Top 10 Equal Weight ETF,Nifty Top 10 Equal Weight TRI,https://www.dspim.com/invest/mutual-fund-schemes/exchange-traded-funds/Nifty-Top-10-Equal-Weight-ETF/dntte-direct-growth,TOP10ADD,544247,INF740KA1UR9,05-09-2024,783.24,0.14,0.04,-0.14,1.25
,COMMODITIES,GOLD,,DSP Mutual Fund,DSP Gold ETF,Domestic Price of Gold,https://www.dspim.com/invest/mutual-fund-schemes/exchange-traded-funds/gold-etf/dsgle-direct-growth,GOLDETFADD,543903,INF740KA1SW3,28-04-2023,1336.42,0.45,0.33,-1.34,2.62
,COMMODITIES,SILVER,,DSP Mutual Fund,DSP Silver ETF,Domestic Price of Physical Silver,https://www.dspim.com/invest/mutual-fund-schemes/exchange-traded-funds/silver-etf/dslvr-direct-growth,SILVERADD,543572,INF740KA1RE3,19-08-2022,1374.63,0.4,0.59,-1.61,3.31
,DEBT,LIQUID,,DSP Mutual Fund,DSP Nifty 1D Rate Liquid ETF,Nifty 1D Rate Index,https://www.dspim.com/invest/mutual-fund-schemes/exchange-traded-funds/nifty-1d-rate-liquid-etf/dsple-direct-daily-idcw,LIQUIDETF,541097,INF740KA1EU7,14-03-2018,361.19,0.3,0.34,-0.35,7.75
BSE,EQUITY,BROADER,BSE SENSEX Next 30,DSP Mutual Fund,DSP BSE SENSEX Next 30 ETF,BSE SENSEX Next 30 TRI,https://www.dspim.com/invest/mutual-fund-schemes/exchange-traded-funds/BSE-Sensex-Next-30-ETF/dssne-direct-growth,NEXT30ADD,544352,INF740KA1VE5,05-02-2025,39.92,0.16,0.1,-0.25,0.87
MSCI,EQUITY,MSCI,,DSP Mutual Fund,DSP MSCI India ETF,MSCI India Index TRI,https://www.dspim.com/invest/mutual-fund-schemes/exchange-traded-funds/DSPMSCIIndiaETF/dmsci-direct-growth,MSCIADD,,INF740KA1WV7,25-11-2025,6.55,0.39,0.38,,0.05
,DEBT,LIQUID,,DSP Mutual Fund,DSP BSE Liquid Rate ETF,BSE Liquid Rate Index,https://www.dspim.com/invest/mutual-fund-schemes/exchange-traded-funds/bse-liquid-rate-etf/dsplr-direct-growth,LIQUIDADD,,INF740KA1UM0,27-03-2024,2025.26,0.3,0.34,-0.35,1.72
NSE,EQUITY,STRATEGIC,Nifty 500 Factor Indices,Edelweiss Mutual Fund,Edelweiss Nifty 500 Multicap MQ 50 ETF,Nifty 500 Multicap Momentum Quality 50 TRI,https://www.edelweissmf.com/types-of-mutual-funds/index-fund/edelweiss-nifty500-multicap-momentum-quality-50-etf,EMULTIMQ,,INF754K01TF1,07-11-2024,31.1,0.31,0.47,-0.59,1.05
NSE,EQUITY,BROADER,Nifty LargeMidCap 250,Edelweiss Mutual Fund,Edelweiss Nifty LargeMidcap 250 ETF,Nifty LargeMidcap 250 TRI,https://www.edelweissmf.com/factsheet/factsheets/Exchange-Traded-Funds/Nifty-LargeMidcap-250-ETF.html,ELM250,,INF754K01VV4,09-09-2025,80.2,1.09,0.06,0.04,0.21
NSE,EQUITY,SECTORAL,BANK,Edelweiss Mutual Fund,Edelweiss Nifty Bank ETF,Nifty Bank TRI,https://www.edelweissmf.com/types-of-mutual-funds/index-fund/edelweiss-nifty-bank-etf,EBANKNIFTY,,INF754K01TE4,18-12-2015,4.89,0.04,0.04,-0.17,9.98
BSE,EQUITY,THEMATIC,Capital Market & Insurance,Edelweiss Mutual Fund,Edelweiss BSE Capital Markets & Insurance ETF,BSE Capital Markets & Insurance TRI,https://www.edelweissmf.com/types-of-mutual-funds/index-fund/edelweiss-bse-captal-markets-insurance-etf,ECAPINSURE,,INF754K01TX4,06-01-2025,15,0.25,0.11,-0.26,0.92
,COMMODITIES,GOLD,,Edelweiss Mutual Fund,Edelweiss Gold ETF,Domestic Price of Gold,https://www.edelweissmf.com/types-of-mutual-funds/precious-metals-fund/edelweiss-gold-etf,EGOLD,140518539,INF754K01SE6,07-11-2023,679.77,0.46,0.42,-2.03,2.09
,COMMODITIES,SILVER,,Edelweiss Mutual Fund,Edelweiss Silver ETF,Domestic Price of Physical Silver,https://www.edelweissmf.com/types-of-mutual-funds/precious-metals-fund/edelweiss-silver-etf,ESILVER,140518548,INF754K01SF3,21-11-2023,567.57,0.46,0.62,-2.34,2.05
BSE,EQUITY,BROADER,BSE Sensex,Edelweiss Mutual Fund,Edelweiss BSE Sensex ETF,S&P BSE Sensex TRI,https://www.edelweissmf.com/types-of-mutual-funds/index-fund/edelweiss-bse-sensex-etf,ESENSEX,,,20-11-2025,15.92,0.06,,,0.07
NSE,EQUITY,BROADER,Nifty 50,Edelweiss Mutual Fund,Edelweiss Nifty 50 ETF,Nifty 50 TRI,https://www.morningstar.in/mutualfunds/f00001syia/Edelweiss-Nifty-50-ETF/detailed-portfolio.aspx,ENIFTY,,INF754K01VX0,27-11-2025,,0.06,,,0.05
,DEBT,LIQUID,,Edelweiss Mutual Fund,Edelweiss Nifty 1D Rate Liquid ETF,Nifty 1D Rate Index,https://www.edelweissmf.com/types-of-mutual-funds/index-fund/edelweiss-nifty-1d-liquid-etf,ELIQUID,,INF754K01VW2,10-10-2025,100.56,0.2,0.2,0.04,0.18
,DEBT,BHARAT BOND,,Edelweiss Mutual Fund,BHARAT Bond ETF April 2033,Nifty BHARAT Bond Index - April 2033,https://www.edelweissmf.com/types-of-mutual-funds/bharat-bond-funds/edelweiss-etf-bharat-bond-2033,EBBETF0433,,INF754K01QX0,19-12-2022,6365.44,0.01,1.43,0.42,2.99
,DEBT,BHARAT BOND,,Edelweiss Mutual Fund,BHARAT Bond ETF April 2031,Nifty BHARAT Bond Index - April 2031,https://www.edelweissmf.com/types-of-mutual-funds/bharat-bond-funds/edelweiss-etf-bharat-bond-2031,EBBETF0431,,INF754K01LE1,29-07-2020,13477.78,0.01,1.22,-0.1,5.38
,DEBT,BHARAT BOND,,Edelweiss Mutual Fund,BHARAT Bond ETF April 2030,Nifty BHARAT Bond Index - April 2030,https://www.edelweissmf.com/types-of-mutual-funds/bharat-bond-funds/edelweiss-etf-bharat-bond-2030,EBBETF0430,,INF754K01KO2,02-01-2020,25429.42,0.01,0.86,-0.12,5.95
,DEBT,BHARAT BOND,,Edelweiss Mutual Fund,BHARAT Bond ETF April 2032,Nifty BHARAT Bond Index - April 2032,https://www.edelweissmf.com/types-of-mutual-funds/bharat-bond-funds/edelweiss-etf-bharat-bond-2032,EBBETF0432,,INF754K01OB1,02-01-2020,"10,792.72",0.01,1.31,0.31,5.95
NSE,EQUITY,BROADER,Nifty 200,Groww Mutual Fund,Groww Nifty 200 ETF,Nifty 200 TRI,https://groww.in/etfs/groww-nifty-etf,GROWWN200,,INF666M01JV1,28-02-2025,0.12,0.35,0,,0.74
NSE,EQUITY,STRATEGIC,Nifty 500 Factor Indices,Groww Mutual Fund,Groww Nifty 500 Momentum 50 ETF,Nifty 500 Momentum 50 TRI,https://groww.in/etfs/groww-nifty-momentum-etf,GROWWMOM50,,INF666M01KJ4,24-04-2025,20.29,0.44,,,0.59
NSE,EQUITY,STRATEGIC,Nifty 500 Factor Indices,Groww Mutual Fund,Groww Nifty 500 Low Volatility 50 ETF,Nifty 500 Low Volatility 50 TRI,https://groww.in/etfs/groww-nifty-500-low-volatility-50-etf-ltd,GROWWLOVOL,,INF666M01LB9,17-06-2025,4.79,0.32,,,0.44
NSE,EQUITY,BROADER,Nifty 50,Groww Mutual Fund,Groww Nifty 50 ETF,Nifty 50 TRI,https://www.growwmf.in/downloads/sid,GROWWNIFTY,,INF666M01LL8,22-07-2025,12,0.16,0,,0.3
NSE,EQUITY,BROADER,Nifty Next 50,Groww Mutual Fund,Groww Nifty Next 50 ETF,Nifty Next 50 TRI,https://groww.in/etfs/groww-nifty-next-50-etf-ltd,GROWWNXT50,,INF666M01LZ8,26-08-2025,,0,0,,0.24
NSE,EQUITY,BROADER,Nifty SmallCap 250,Groww Mutual Fund,Groww Nifty SmallCap ETF,Nifty SmallCap 250 TRI,https://groww.in/etfs/groww-nifty-smallcap-etf,GROWWSC250,,INF666M01MO0,30-10-2025,8.22,0.3,0,,0.07
NSE,EQUITY,SECTORAL,REALTY,Groww Mutual Fund,Groww Nifty Realty ETF,Nifty Realty TRI,https://groww.in/etfs/groww-nifty-realty-etf-ltd,GROWWRLTY,,INF666M01MN2,09-10-2025,7.44,0.42,0,,0.16
NSE,EQUITY,THEMATIC,EV and New Age Automotive,Groww Mutual Fund,Groww Nifty EV & New Age Automotive ETF,Nifty EV and New Age Automotive TRI,https://groww.in/etfs/groww-nifty-ev-new-age-automotive-etf,GROWWEV,,INF666M01IH2,12-08-2024,276,0.44,0,-0.48,1.32
NSE,EQUITY,THEMATIC,Defence,Groww Mutual Fund,Groww Nifty India Defence ETF,Nifty India Defence TRI,https://www.motilaloswalmf.com/mutual-funds/motilal-oswal-nifty-india-defence-etf,GROWWDEFNC,,INF666M01IO8,11-10-2024,236.03,0.43,0,-0.51,1.15
NSE,EQUITY,THEMATIC,Internet,Groww Mutual Fund,Groww Nifty India Internet ETF,Nifty India Internet TRI,https://groww.in/etfs/groww-nifty-india-internet-etf-ltd,GROWWNET,,INF666M01LI4,03-07-2025,23.43,0.38,0,,0.43
NSE,EQUITY,THEMATIC,Railways PSU,Groww Mutual Fund,Groww Nifty India Railways PSU ETF,Nifty India Railways PSU Index TRI.,https://groww.in/etfs/groww-nifty-india-railways-psu-etf,GROWWRAIL,94517,INF666M01JJ6,05-02-2025,91.35,0.49,0,,0.83
,COMMODITIES,GOLD,,Groww Mutual Fund,Groww Gold ETF,Domestic Price of Gold,https://groww.in/etfs/groww-gold-etf,GROWWGOLD,,INF666M01IW1,23-10-2024,233,0.51,0,,1.13
,COMMODITIES,SILVER,,Groww Mutual Fund,Groww Silver ETF,Domestic Price of Physical Silver,https://groww.in/etfs/groww-silver-etf,GROWWSLVR,,INF666M01LA1,21-05-2025,164.16,0.43,0,,0.56
,DEBT,LIQUID,,Groww Mutual Fund,Groww Nifty 1D Rate Liquid ETF,Nifty 1D Rate Index,https://www.growwmf.in/mutual-funds/groww-nifty-d-rate-liquid-etf,GROWWLIQID,,INF666M01IP5,26-09-2024,100.16,0.29,0,5.64,1.21
NSE,EQUITY,BROADER,Nifty Midcap 150,Groww Mutual Fund,Groww Nifty Midcap 150 ETF,Nifty Midcap 150 TRI,https://groww.in/etfs/groww-nifty-midcap-etf,GROWWMC150,,INF666M01MV5,17-11-2025,6,0.21,,,0.07
NSE,EQUITY,THEMATIC,Capital Market,Groww Mutual Fund,Groww Nifty Capital Markets ETF,Nifty Capital Market TRI,https://groww.in/etfs/groww-nifty-capital-markets-etf,GROWWCAPM,,INF666M01MM4,04-12-2025,,0,,,0.03
BSE,EQUITY,SECTORAL,POWER,Groww Mutual Fund,Groww BSE Power ETF,BSE Power TRI,https://groww.in/etf-nfo/groww-bse-power-etf,GROWWPOWER,,INF666M01LM6,05-08-2025,26.3,0.43,0,,0.36
NSE,EQUITY,STRATEGIC,Nifty 200 Factor Indices,HDFC Mutual Fund,HDFC Nifty200 Momentum 30 ETF,Nifty 200 Momentum 30 TRI,https://www.hdfcfund.com/explore/mutual-funds/hdfc-nifty200-momentum-30-etf/regular,HDFCMOMENT,543628,INF179KC1HV6,17-10-2022,98.75,0.3,0.16,-0.66,3.11
NSE,EQUITY,BROADER,Nifty 50,HDFC Mutual Fund,HDFC Nifty 50 ETF,Nifty 50 TRI,https://www.hdfcfund.com/explore/mutual-funds/hdfc-nifty-50-exchange-traded-fund/regular,HDFCNIFTY,539516,INF179KC1965,16-12-2015,4721,0.05,0.02,-0.13,9.91
NSE,EQUITY,STRATEGIC,Nifty 50 Factor Indices,HDFC Mutual Fund,HDFC NIFTY50 VALUE 20 ETF,Nifty 50 Value 20 TRI,https://www.hdfcfund.com/explore/mutual-funds/hdfc-nifty50-value-20-etf/regular,HDFCVALUE,,INF179KC1DK8,29-09-2022,36.53,0.2,0.05,-0.33,3.19
BSE,EQUITY,BROADER,BSE Sensex,HDFC Mutual Fund,HDFC S&P BSE Sensex ETF,S&P BSE Sensex TRI,https://www.hdfcfund.com/explore/mutual-funds/hdfc-bse-sensex-etf/regular,HDFCSENSEX,539517,INF179KC1HX2,09-12-2015,548,0.05,0.02,0.02,9.95
NSE,EQUITY,BROADER,Nifty Next 50,HDFC Mutual Fund,HDFC Nifty Next 50 ETF,Nifty Next 50 TRI,https://www.hdfcfund.com/explore/mutual-funds/hdfc-nifty-next-50-exchange-traded-fund/regular,HDFCNEXT50,543570,INF179KC1HS2,11-08-2022,94.01,0.25,0.05,-0.36,3.28
NSE,EQUITY,BROADER,Nifty 100,HDFC Mutual Fund,HDFC Nifty 100 ETF,Nifty 100 TRI,https://www.hdfcfund.com/explore/mutual-funds/hdfc-nifty-100-exchange-traded-fund/regular,HDFCNIF100,543569,INF179KC1HR4,11-08-2022,38.97,0.3,0.02,-0.4,3.28
NSE,EQUITY,STRATEGIC,Nifty 100 Factor Indices,HDFC Mutual Fund,HDFC NIFTY100 Quality 30 ETF,Nifty 100 Quality 30 TRI,https://www.hdfcfund.com/explore/mutual-funds/hdfc-nifty-100-quality-30-etf/regular,HDFCQUAL,543605,INF179KC1DL6,29-09-2022,22.55,0.3,0.08,-0.27,3.15
NSE,EQUITY,STRATEGIC,Nifty 100 Factor Indices,HDFC Mutual Fund,HDFC Nifty100 Low Volatility 30 ETF,Nifty100 Low Volatility 30 TRI,https://www.hdfcfund.com/explore/mutual-funds/hdfc-nifty100-low-volatility-30-etf/regular,HDFCLOWVOL,543627,INF179KC1HU8,17-10-2022,13.87,0.3,0.03,-0.53,3.1
NSE,EQUITY,BROADER,Nifty SmallCap 250,HDFC Mutual Fund,HDFC NIFTY Smallcap 250 ETF,Nifty SmallCap 250 TRI,https://www.hdfcfund.com/explore/mutual-funds/hdfc-nifty-smallcap-250-etf/regularWebsite link,HDFCSML250,543775,INF179KC1FB2,21-02-2023,1475.69,0.25,0.09,0.33,2.76
NSE,EQUITY,SECTORAL,BANK,HDFC Mutual Fund,HDFC Nifty Bank ETF,Nifty Bank TRI,https://www.hdfcfund.com/explore/mutual-funds/hdfc-nifty-bank-exchange-traded-fund/regular,HDFCNIFBAN,543224,INF179KC1HY0,28-08-2020,2781.69,0.16,0.02,-0.27,5.28
NSE,EQUITY,SECTORAL,IT,HDFC Mutual Fund,HDFC Nifty IT ETF,NIFTY IT TRI,https://www.hdfcfund.com/explore/mutual-funds/hdfc-nifty-it-etf/regular,HDFCNIFIT,543665,INF179KC1IA8,22-11-2022,45.11,0.2,0.05,-0.31,3.04
NSE,EQUITY,SECTORAL,PRIVATE BANK,HDFC Mutual Fund,HDFC NIFTY Private Bank ETF,Nifty Private Bank TRI,https://www.hdfcfund.com/explore/mutual-funds/hdfc-nifty-private-bank-etf/regular,HDFCPVTBAN,543666,INF179KC1HZ7,22-11-2022,340.58,0.15,0.02,-0.23,3.04
NSE,EQUITY,SECTORAL,PSU BANK,HDFC Mutual Fund,HDFC Nifty PSU Bank ETF,Nifty PSU Bank TRI,https://www.hdfcfund.com/explore/mutual-funds/hdfc-nifty-psu-bank-etf/regular,HDFCPSUBK,544110,INF179KC1HW4,07-02-2024,33.84,0.35,0.08,-0.44,1.83
BSE,EQUITY,BROADER,BSE 500,HDFC Mutual Fund,HDFC S&P BSE 500 ETF,S&P BSE 500 TRI,https://www.hdfcfund.com/explore/mutual-funds/hdfc-bse-500-etf/regular,HDFCBSE500,543774,INF179KC1EZ4,15-02-2023,19.03,0.3,0.2,-0.39,2.81
,COMMODITIES,GOLD,,HDFC Mutual Fund,HDFC Gold Exchange Traded Fund,Domestic Price of Gold,https://www.hdfcfund.com/explore/mutual-funds/hdfc-gold-etf/regular,HDFCGOLD,533230,INF179KC1981,13-08-2010,15694.64,0.59,0.28,-0.95,15.34
,COMMODITIES,SILVER,,HDFC Mutual Fund,HDFC Silver ETF,Domestic Price of Physical Silver,https://www.hdfcfund.com/explore/mutual-funds/hdfc-silver-etf/regular,HDFCSILVER,543592,INF179KC1DI2,02-09-2022,3757.1,0.45,0.57,-2.26,3.27
,DEBT,LIQUID,,HDFC Mutual Fund,HDFC NIFTY 1D Rate Liquid ETF Growth,Nifty 1D Rate Index,https://www.hdfcfund.com/explore/mutual-funds/hdfc-nifty-1d-rate-liquid-etf-growth/regular,HDFCLIQUID,543973,INF179KC1JG3,31-08-2023,67.76,0.45,0.03,-0.91,2.28
NSE,EQUITY,BROADER,Nifty Midcap 150,HDFC Mutual Fund,HDFC NIFTY Midcap 150 ETF,Nifty Midcap 150 TRI,HDFC NIFTY Midcap 150 ETF,HDFCMID150,543776,INF179KC1HT0,21-02-2023,94.44,0.2,0.04,-0.33,2.81
NSE,EQUITY,BROADER,Nifty Midcap 150,HDFC Mutual Fund,HDFC Nifty Midcap 150 ETF,Nifty Midcap 150 TRI,https://www.hdfcfund.com/explore/mutual-funds/hdfc-nifty-midcap-150-etf/regular,HDFCMID150,543776,INF179KC1HT0,21-02-2023,99.96,0.2,0.04,-0.33,2.81
NSE,EQUITY,STRATEGIC,Nifty Growth Sectors 15,HDFC Mutual Fund,HDFC NIFTY Growth Sectors 15 ETF,Nifty Growth Sectors 15 TRI,https://www.hdfcfund.com/explore/mutual-funds/hdfc-nifty-growth-sectors-15-etf/regular,HDFCGROWTH,543607,INF179KC1DJ0,29-09-2022,17.11,0.3,0.18,-0.54,3.21
BSE,EQUITY,BROADER,BSE Sensex,ICICI Prudential MF,ICICI Prudential BSE Sensex ETF,S&P BSE Sensex TRI,https://www.icicietf.com/funds/equity-etf/icici-prudential-bse-sensex-etf,SENSEXIETF,555555,INF346A01034,23-07-2014,23154.82,0.02,0.02,0.5,11.33
NSE,EQUITY,BROADER,Nifty Next 50,ICICI Prudential MF,ICICI Prudential Nifty Next 50 ETF,Nifty Next 50 TRI,https://digitalfactsheet.icicipruamc.com/passive/icici-prudential-nifty-next-50-etf.php,NEXT50IETF,541809,INF109KC1NS5,30-08-2018,1847.78,0.1,0.05,-0.25,7.23
NSE,EQUITY,BROADER,Nifty 100,ICICI Prudential MF,ICICI Prudential Nifty 100 ETF,Nifty 100 TRI,https://digitalfactsheet.icicipruamc.com/passive/icici-prudential-nifty-100-etf.php,NIF100IETF,537008,INF109KC16V9,26-08-2016,154.02,0.48,0.02,-0.4,9.24
NSE,EQUITY,STRATEGIC,Nifty 100 Factor Indices,ICICI Prudential MF,ICICI Prudential Nifty 100 Low Volatility 30 ETF,Nifty 100 Low Volatility 30 TRI,chrome-extension://efaidnbmnnnibpcajpcglclefindmkaj/https://digitalfactsheet.icicipruamc.com/passive/pdf/icici-prudential-nifty-100-low-volatility-30-etf.pdf,LOWVOLIETF,540612,INF109KC19U5,10-07-2017,3809.13,0.41,0.05,-0.44,8.37
NSE,EQUITY,BROADER,Nifty 50,ICICI Prudential MF,ICICI Prudential Nifty 50 ETF,Nifty 50 TRI,https://www.icicietf.com/funds/equity-etf/icici-prudential-nifty-50-etf,NIFTYIETF,537007,INF109K012R6,20-03-2013,32453,0.02,0.02,-0.13,12.65
NSE,EQUITY,STRATEGIC,Nifty 200 Factor Indices,ICICI Prudential MF,ICICI Prudential Nifty 200 Momentum 30 ETF,Nifty 200 Momentum 30 TRI,chrome-extension://efaidnbmnnnibpcajpcglclefindmkaj/https://digitalfactsheet.icicipruamc.com/passive/pdf/icici-prudential-nifty-200-momentum-30-etf.pdf,MOM30IETF,543568,INF109KC17C7,10-08-2022,615.4,0.3,0.24,-0.41,3.29
NSE,EQUITY,STRATEGIC,Nifty 200 Factor Indices,ICICI Prudential MF,ICICI Prudential Nifty 200 Quality 30 ETF,Nifty 200 Quality 30 TRI,https://www.icicietf.com/funds/equity-etf/icici-prudential-nifty-200-quality-30-etf,QUAL30IETF,,INF109KC18V5,10-08-2023,175,0.3,0.05,-0.46,2.29
NSE,EQUITY,SECTORAL,AUTO,ICICI Prudential MF,ICICI Pru Nifty Auto ETF,Nifty Auto TRI,https://www.icicietf.com/funds/equity-etf/icici-prudential-nifty-auto-etf,AUTOIETF,543450,INF109KC10V2,18-01-2022,155.58,0.2,0.04,-0.3,3.88
NSE,EQUITY,SECTORAL,BANK,ICICI Prudential MF,ICICI Prudential Nifty Bank ETF,Nifty Bank TRI,https://www.icicietf.com/funds/equity-etf/icici-prudential-nifty-bank-etf,BANKIETF,542730,INF109KC15I8,15-07-2019,3184.63,0.15,0.02,-0.29,6.4
NSE,EQUITY,SECTORAL,FINANCIAL SERVICES EX-BANK,ICICI Prudential MF,ICICI Prudential Nifty Financial Services Ex-BaNk ETF,Nifty Financial Services Ex-Bank TRI,https://digitalfactsheet.icicipruamc.com/passive/icici-prudential-nifty-financial-services-ex-bank-etf.php,FINIETF,543677,INF109KC17L8,30-11-2022,218.3,0.2,0.04,-0.37,3.02
NSE,EQUITY,SECTORAL,FMCG,ICICI Prudential MF,ICICI Prudential Nifty FMCG ETF,Nifty FMCG TRI,https://www.icicietf.com/funds/equity-etf/icici-prudential-nifty-fmcg-etf,FMCGIETF,543326,INF109KC19V3,10-08-2021,662.56,0.2,0.08,-0.28,4.33
NSE,EQUITY,SECTORAL,HEALTHCARE,ICICI Prudential MF,ICICI Prudential Nifty Healthcare ETF,Nifty Healthcare TRI,https://www.icicietf.com/funds/equity-etf/icici-prudential-nifty-healthcare-etf,HEALTHIETF,543292,INF109KC1Q72,18-05-2021,129.47,0.15,0.05,-0.23,4.56
NSE,EQUITY,SECTORAL,IT,ICICI Prudential MF,ICICI Prudential Nifty IT ETF,NIFTY IT TRI,https://www.icicietf.com/funds/equity-etf/icici-prudential-nifty-it-etf,ITIETF,543221,INF109KC16I6,20-08-2020,553.89,0.2,0.05,-0.32,5.3
NSE,EQUITY,SECTORAL,OIL AND GAS,ICICI Prudential MF,ICICI Prudential Nifty Oil & Gas ETF,Nifty Oil and Gas TRI,https://www.icicietf.com/funds/equity-etf/icici-prudential-nifty-oil-&-gas-etf,OILIETF,544216,INF109KC18W3,24-07-2024,222.82,0.4,0.04,-0.27,1.37
NSE,EQUITY,THEMATIC,Commodities,ICICI Prudential MF,ICICI Prudential Nifty Commodities ETF,Nifty Commodities TRI,https://www.icicietf.com/funds/equity-etf/icici-prudential-nifty-commodities-etf,COMMOIETF,543710,INF109KC19O8,21-12-2022,110.46,0.3,0.03,-0.46,2.96
NSE,EQUITY,THEMATIC,EV and New Age Automotive,ICICI Prudential MF,ICICI Prudential Nifty EV & New Age Automotive ETF,Nifty EV and New Age Automotive TRI,https://www.icicietf.com/funds/equity-etf/icici-prudential-nifty-ev-&-new-age-automotive,EVIETF,544394,INF109K1A153,15-04-2025,30.72,0.44,0.12,-0.39,0.64
NSE,EQUITY,THEMATIC,India Cosumption,ICICI Prudential MF,ICICI Prudential Nifty India Consumption ETF,Nifty India Consumption TRI,https://www.icicietf.com/funds/equity-etf/icici-prudential-consumption-etf,CONSUMIETF,543383,INF109KC1V42,02-11-2021,69.06,0.2,0.03,-0.32,4.1
NSE,EQUITY,THEMATIC,Infrastructure,ICICI Prudential MF,ICICI Prudential Nifty Infrastructure ETF,Nifty Infrastructure TRI,https://www.icicietf.com/funds/equity-etf/icici-prudential-nifty-infrastructure-etf,INFRAIETF,543571,INF109KC16E5,17-08-2022,349.59,0.5,0.04,-0.03,3.31
BSE,EQUITY,THEMATIC,BHARAT 22,ICICI Prudential MF,BHARAT 22 ETF,BSE Bharat 22 TRI,https://www.icicietf.com/funds/equity-etf/bharat-22-etf,ICICIB22,,INF109KB15Y7,28-11-2017,15028.85,0.07,0.05,0.4,8.04
BSE,EQUITY,BROADER,BSE Midcap Select,ICICI Prudential MF,ICICI Prudential BSE Midcap Select ETF,BSE Midcap Select TRI,https://digitalfactsheet.icicipruamc.com/passive/icici-prudential-bse-midcap-select-etf.php,MIDSELIETF,539980,INF109KC10W0,11-07-2016,93.18,0.15,0.07,-0.52,9.44
BSE,EQUITY,BROADER,BSE 500,ICICI Prudential MF,ICICI Prudential BSE 500 ETF,BSE 500 TRI,https://www.icicietf.com/funds/equity-etf/icici-prudential-bse-500-etf,BSE500IETF,541313,INF109KC1V59,16-05-2018,327.97,0.32,0.02,-0.35,7.59
,COMMODITIES,GOLD,,ICICI Prudential MF,ICICI Prudential Gold ETF,Domestic Price of Gold,https://www.icicietf.com/funds/commodity-etf/icici-prudential-gold-etf,GOLDIETF,533244,INF109KC1NT3,24-08-2010,11966.66,0.5,0.22,-1.13,15.31
,COMMODITIES,SILVER,,ICICI Prudential MF,ICICI Prudential Silver ETF,Domestic Price of Physical Silver,https://www.icicietf.com/funds/commodity-etf/icici-prudential-silver-etf,SILVERIETF,543452,INF109KC1Y56,24-01-2022,9445.03,0.4,0.52,-1.35,3.88
,DEBT,G-Sec,,ICICI Prudential MF,ICICI Prudential Nifty 5 Yr Benchmark G-SEC ETF,Nifty 5 yr Benchmark G-Sec Index,https://www.icicietf.com/funds/debt-etf/icici-prudential-nifty-5-year-g-sec-etf,GSEC5IETF,543480,INF109KC14A8,07-03-2022,17.45,0.2,0.23,-0.1,3.76
NSE,EQUITY,BROADER,Nifty Midcap 150,ICICI Prudential MF,ICICI Prudential Nifty Midcap 150 ETF,Nifty Midcap 150 TRI,https://www.icicietf.com/funds/equity-etf/icici-prudential-nifty-midcap-150-etf,MIDCAPIETF,542921,INF109KC11W8,28-01-2020,553.9,0.15,0.04,-0.33,5.88
NSE,EQUITY,THEMATIC,Metal,ICICI Prudential MF,ICICI Prudential Nifty Metal ETF,Nifty Metal TRI,https://www.icicietf.com/funds/equity-etf/icici-prudential-nifty-metal-etf,METALIETF,,INF109KC19W1,20-08-2024,306.45,0.4,0.04,-0.68,1.32
NSE,EQUITY,STRATEGIC,Nifty 200 Factor Indices,ICICI Prudential MF,ICICI Prudential Nifty200 Value 30 ETF,Nifty 200 Value 30 TRI,https://www.icicietf.com/funds/equity-etf/icici-prudential-nifty200-value-30-etf,VAL30IETF,,INF109KC16X5,22-10-2024,14.87,0.3,0.09,-0.41,1.15
NSE,EQUITY,STRATEGIC,Nifty Alpha Factor Indices,ICICI Prudential MF,ICICI Prudential Nifty Alpha Low Volatility 30 ETF,Nifty Alpha Low Volatility 30 TRI,https://www.icicietf.com/funds/equity-etf/icici-prudential-nifty-alpha-low-volatility-30-etf,ALPL30IETF,,INF109KC17V7,12-08-2020,1713.48,0.41,0.23,-0.68,5.34
NSE,EQUITY,STRATEGIC,Nifty Top 15,ICICI Prudential MF,ICICI Prudential Nifty Top 15 Equal Weight ETF,Nifty Top 15 Equal Weight TRI,https://www.icicietf.com/funds/equity-etf/icici-prudential-nifty-top-15-equal-weight-index-etf,TOP15IETF,544427,INF109K1A344,26-06-2025,10.86,0.35,0.19,-0.22,0.47
NSE,EQUITY,STRATEGIC,Nifty 50 Factor Indices,ICICI Prudential MF,ICICI Prudential Nifty50 Value 20 ETF,Nifty 50 Value 20 TRI,https://www.icicietf.com/funds/equity-etf/icici-prudential-nifty50-value-20-etf,NV20IETF,,INF109KC11V0,17-06-2016,188.59,0.25,0.06,-0.46,9.5
NSE,EQUITY,SECTORAL,PRIVATE BANK,ICICI Prudential MF,ICICI Prudential Nifty Private Bank ETF,Nifty Private Bank TRI,https://digitalfactsheet.icicipruamc.com/passive/icici-prudential-nifty-private-bank-etf.php,PVTBANIETF,542758,INF109KC18U7,09-08-2019,3324.22,0.15,0.03,-0.42,6.35
NSE,EQUITY,SECTORAL,PSU BANK,ICICI Prudential MF,ICICI Prudential Nifty PSU Bank ETF,Nifty PSU Bank TRI,https://www.icicietf.com/funds/equity-etf/icici-prudential-nifty-psu-bank-etf,PSUBNKIETF,,INF109KC10S8,21-03-2023,85.94,0.4,0.09,-0.66,2.74
,DEBT,G-Sec,,ICICI Prudential MF,ICICI Prudential Nifty 10 yr Benchmark G-Sec ETF,Nifty 10 yr Benchmark G-Sec Index,https://www.icicietf.com/funds/debt-etf/icici-prudential-nifty-10-yr-benchmark-g-sec-etf,GSEC10IETF,,INF109KC18O0,13-12-2022,578.31,0.14,0.09,-0.36,3.01
,DEBT,LIQUID,,ICICI Prudential MF,ICICI Prudential BSE Liquid Rate ETF-Growth,BSE Liquid Rate Index,https://www.icicietf.com/funds/debt-etf/icici-prudential-bse-liquid-rate-growth,CASHIETF,,INF109K1A021,19-03-2025,726.19,0.25,0.3,-0.13,0.74
NSE,EQUITY,BROADER,Nifty 50,Invesco Mutual Fund,Invesco India Nifty 50 ETF,Nifty 50 TRI,https://www.invescomutualfund.com/planPage?Title=Invesco%20India%20Nifty%2050%20Exchange%20Traded%20Fund&classification=exchange-traded-fund,IVZINNIFTY,,INF205K01DA9,17-06-2011,99.2,0.1,0.03,-0.31,14.5
,COMMODITIES,GOLD,,Invesco Mutual Fund,Invesco India Gold Exchange Tradaed Fund - Open Ended,Domestic Price of Gold,https://www.invescomutualfund.com/planPage?Title=Invesco%20India%20Gold%20Exchange%20Traded%20Fund&classification=exchange-traded-fund,IVZINGOLD,533172,INF205K01361,12-03-2010,470.49,0.55,0.26,-0.99,15.76
NSE,EQUITY,STRATEGIC,Nifty 200 Factor Indices,Kotak Mahindra Mutual Fund,Kotak Nifty 200 Quality 30 ETF,Nifty 200 Quality 30 TRI,https://www.kotakmf.com/mutual-funds/passive-funds/kotak-nifty200-quality-30-etf,QUALITY30,,INF174KA1WT6,18-07-2025,0.01,0.25,0.05,-0.26,0.35
NSE,EQUITY,STRATEGIC,Nifty 200 Factor Indices,Kotak Mahindra Mutual Fund,Kotak Nifty 200 Momentum 30 ETF,Nifty 200 Momentum 30 TRI,https://www.kotakmf.com/mutual-funds/passive-funds/kotak-nifty-200-momentum-30-etf,MOMENTUM30,,INF174KA1XS6,17-10-2025,5.23,0.24,0.44,-2.62,0.1
NSE,EQUITY,BROADER,Nifty 50,Kotak Mahindra Mutual Fund,Kotak Mahindra Nifty 50 ETF,Nifty 50 TRI,https://www.kotakmf.com/mutual-funds/passive-funds/kotak-nifty-50-etf,NIFTY1,,INF174K014P6,11-02-2010,3140,0.03,0.02,-0.05,15.76
BSE,EQUITY,BROADER,BSE Sensex,Kotak Mahindra Mutual Fund,Kotak S&P BSE Sensex ETF,S&P BSE Sensex TRI,https://www.kotakmf.com/mutual-funds/passive-funds/kotak-bse-sensex-etf,SENSEX1,532985,INF194KA1T91,06-06-2008,91.13,0.18,0.02,-0.2,17.46
NSE,EQUITY,STRATEGIC,Nifty 100 Factor Indices,Kotak Mahindra Mutual Fund,Kotak Nifty 100 Low Volatility 30 ETF,Nifty 100 Low Volatility 30 TRI,https://www.kotakmf.com/factsheet/June_2025/kotak/KOTAK-NIFTY-100-LOW-VOLATILITY-30-ETF.html,LOWVOL1,,INF174KA1IY5,29-03-2022,170.53,0.09,0.04,-0.24,3.65
NSE,EQUITY,STRATEGIC,Nifty 100 Factor Indices,Kotak Mahindra Mutual Fund,Kotak Nifty 100 Equal Weight ETF,Nifty 100 Equal Weight TRI,https://www.kotakmf.com/factsheet/october_2025/kotak/KOTAK-Nifty-100-Equal-Weight-ETF.html,NIFTY100EW,,INF174KA1UW4,04-03-2025,2.88,0.25,0.15,-0.57,0.72
NSE,EQUITY,BROADER,Nifty Midcap 50,Kotak Mahindra Mutual Fund,Kotak Nifty Midcap 50 ETF,Nifty Midcap 50 TRI,https://www.kotakmf.com/mutual-funds/passive-funds/kotak-nifty-midcap-50-etf,MIDCAP,,INF174KA1IB3,04-02-2022,87,0.05,0.14,-0.48,3.81
NSE,EQUITY,STRATEGIC,Nifty Alpha Factor Indices,Kotak Mahindra Mutual Fund,Kotak Nifty Alpha 50 ETF,Nifty Alpha 50 TRI,https://www.kotakmf.com/mutual-funds/passive-funds/kotak-nifty-alpha-50-etf,ALPHA,,INF174KA1IA5,29-12-2021,748,0.3,0.27,-2.06,3.94
NSE,EQUITY,SECTORAL,BANK,Kotak Mahindra Mutual Fund,Kotak Nifty Bank ETF,Nifty Bank TRI,https://www.kotakmf.com/mutual-funds/passive-funds/kotak-nifty-bank-etf,BANKNIFTY1,590136,INF174K01F59,11-12-2014,5196.37,0.15,0.03,-0.37,10.99
NSE,EQUITY,SECTORAL,CHEMICALS,Kotak Mahindra Mutual Fund,Kotak Nifty Chemicals ETF,Nifty Chemicals Index,https://www.kotakmf.com/mutual-funds/passive-funds/kotak-nifty-chemicals-etf,CHEMICAL,,INF174KA1XV0,19-11-2025,11.83,0.25,0.3,-1.94,0.05
NSE,EQUITY,SECTORAL,IT,Kotak Mahindra Mutual Fund,Kotak Nifty IT ETF,NIFTY IT TRI,https://www.kotakmf.com/mutual-funds/passive-funds/kotak-nifty-it-etf,IT,,INF174KA1GC5,05-03-2021,461,0.09,0.05,-0.27,4.76
NSE,EQUITY,SECTORAL,PSU BANK,Kotak Mahindra Mutual Fund,Kotak Nifty PSU Bank ETF,Nifty PSU Bank TRI,https://www.kotakmf.com/mutual-funds/passive-funds/kotak-nifty-psu-bank-etf,PSUBANK,590107,INF373I01023,16-11-2007,2043.04,0.49,0.09,-0.56,18.07
NSE,EQUITY,THEMATIC,India Cosumption,Kotak Mahindra Mutual Fund,Kotak Nifty India Consumption ETF,Nifty India Consumption TRI,https://www.kotakmf.com/mutual-funds/passive-funds/kotak-nifty-india-consumption-etf,CONS,,INF174KA1JE5,04-08-2022,23.06,0.1,0.05,-0.33,3.34
,COMMODITIES,GOLD,,Kotak Mahindra Mutual Fund,Kotak Gold Exchange Traded Fund,Domestic Price of Gold,https://www.kotakmf.com/mutual-funds/passive-funds/kotak-gold-etf,GOLD1,590097,INF174KA1HJ8,08-08-2007,10592.8,0.55,0.31,-1.12,18.35
,COMMODITIES,SILVER,,Kotak Mahindra Mutual Fund,Kotak Silver ETF,Domestic Price of Physical Silver,https://www.kotakmf.com/mutual-funds/passive-funds/kotak-silver-etf,SILVER1,140518043,INF174KA1KU9,09-12-2022,2305.14,0.45,0.57,-1.32,3.01
NSE,EQUITY,BROADER,Nifty Midcap 150,Kotak Mahindra Mutual Fund,Kotak Nifty Midcap 150 ETF,Nifty Midcap 150 TRI,https://www.kotakmf.com/mutual-funds/passive-funds/kotak-nifty-midcap-150-etf,MID150,,INF174KA1VW2,28-03-2025,4.08,0.1,1.12,1.36,0.71
NSE,EQUITY,BROADER,Nifty Midcap 150,Kotak Mahindra Mutual Fund,Kotak Nifty Midcap 150 ETF,Nifty Midcap 150 TRI,https://www.kotakmf.com/mutual-funds/passive-funds/kotak-nifty-midcap-150-etf,MID150,,INF174KA1VW2,28-03-2025,4.15,0.1,1.12,1.36,0.72
NSE,EQUITY,STRATEGIC,Nifty 50 Factor Indices,Kotak Mahindra Mutual Fund,Kotak Nifty 50 value 20 ETF,Nifty 50 Value 20 TRI,https://www.kotakmf.com/mutual-funds/passive-funds/kotak-nifty-50-value-20-etf,NV20,,INF174K01Z71,02-12-2015,87.98,0.14,0.06,-0.67,10.04
MSCI,EQUITY,MSCI,,Kotak Mahindra Mutual Fund,Kotak MSCI India ETF,MSCI India Index TRI,https://www.kotakmf.com/mutual-funds/passive-funds/kotak-msci-india-etf,MSCIINDIA,,INF174KA1VD2,19-02-2025,870,0.4,0.09,-0.34,0.82
NSE,EQUITY,THEMATIC,MNC,Kotak Mahindra Mutual Fund,Kotak Nifty MNC ETF,Nifty MNC TRI,https://www.kotakmf.com/mutual-funds/passive-funds/kotak-nifty-mnc-etf,MNC,,INF174KA1JF2,16-08-2022,35.94,0.3,0.04,-0.44,3.33
,DEBT,LIQUID,,Kotak Mahindra Mutual Fund,Kotak Nifty 1D Rate Liquid,Nifty 1D Rate Index,https://www.kotakmf.com/mutual-funds/passive-funds/kotak-nifty-1d-rate-liquid-etf,LIQUID1,,INF174KA1LV5,01-02-2023,1497.34,0.19,0.01,-0.26,2.87
NSE,EQUITY,BROADER,Nifty 50,LIC Mutual Fund,LIC Nifty 50 ETF,Nifty 50 TRI,https://www.licmf.com/snapshot/lic-mf-etf-nifty-50/LIC175,LICNETFN50,,INF767K01OS7,30-11-2015,863,0.06,0.06,-0.18,9.95
BSE,EQUITY,BROADER,BSE Sensex,LIC Mutual Fund,LIC MF Exchange Traded Fund- SENSEX9,S&P BSE Sensex TRI,https://www.licmf.com/snapshot/lic-mf-bse-sensex-etf/LIC176,LICNETFSEN,539487,INF767K01OT5,30-11-2015,766,0.11,0.09,-0.1,9.98
NSE,EQUITY,BROADER,Nifty 100,LIC Mutual Fund,LIC MF Exchange Traded Fund - Nifty 100,Nifty 100 TRI,https://www.licmf.com/snapshot/lic-mf-etf-nifty-100/LIC177,LICNFNHGP,539784,INF767K01PC8,28-03-2016,769.66,0.28,0.08,-0.38,9.66
,COMMODITIES,GOLD,,LIC Mutual Fund,LIC MF Gold Exchange Traded Fund,Domestic Price of Gold,https://www.licmf.com/investor/licmf-gold-etf-fund-of-fund,LICMFGOLD,533719,INF397L01554,09-11-2011,858.57,0.41,0.28,-0.8,14.1
NSE,EQUITY,BROADER,Nifty MidCap 100,LIC Mutual Fund,LIC MF Nifty Midcap 100 ETF,Nifty Midcap 100 TRI,https://www.licmf.com/our-funds/licmf-Nifty-midcap-100-ETF,LICNMID100,,INF767K01RN1,19-02-2024,760,0.16,0.1,-0.44,1.82
,DEBT,G-Sec,,LIC Mutual Fund,LIC MF Nifty 8-13 yr G-Sec ETF,Nifty 8-13 yr G-Sec Index,https://www.licmf.com/snapshot/lic-mf-nifty-8-13-yr-g-sec-etf/LIC168,LICNETFGSC,,INF767K01MV5,24-12-2014,2471.18,0.17,0.13,-0.32,10.98
,DEBT,G-Sec,,Mirae Asset Mutual Fund,Mirae Asset Nifty 8-13 yr G-Sec ETF,Nifty 8-13 yr G-Sec Index,https://miraeassetetf.co.in/our-etfs/fund?nseSymbol=GSEC10YEAR,GSEC10YEAR,543875,INF769K01KF8,31-03-2023,93.12,0.1,0.06,-0.19,2.7
NSE,EQUITY,STRATEGIC,Nifty 200 Factor Indices,Mirae Asset Mutual Fund,Mirae Asset Nifty 200 Alpha 30 ETF,Nifty 200 Alpha 30 TRI,chrome-extension://efaidnbmnnnibpcajpcglclefindmkaj/https://www.miraeassetmf.co.in/docs/default-source/product-presentations/nifty-200-alpha-30-etf-ppt.pdf,ALPHAETF,,INF769K01KU7,27-10-2023,432,0.47,0.25,-0.88,2.08
BSE,EQUITY,BROADER,BSE Sensex,Mirae Asset Mutual Fund,Mirae Asset S&P BSE Sensex ETF,S&P BSE Sensex TRI,https://www.miraeassetmf.co.in/mutual-fund-scheme/etf/mirae-asset-s-p-bse-sensex-etf,SENSEXETF,543999,INF769K01KT9,06-10-2023,20,0.05,0.03,-0.1,2.12
NSE,EQUITY,BROADER,Nifty Next 50,Mirae Asset Mutual Fund,Mirae Asset Nifty Next 50 ETF (MANxt50ETF),Nifty Next 50 TRI,https://www.miraeassetmf.co.in/mutual-fund-scheme/etf/mirae-asset-nifty-next-50-etf,NEXT50,542922,INF769K01FN2,31-01-2020,872.46,0.05,0.13,-0.48,5.81
NSE,EQUITY,BROADER,Nifty 50,Mirae Asset Mutual Fund,Mirae Asset Nifty 50 ETF,Nifty 50 TRI,https://www.miraeassetmf.co.in/mutual-fund-scheme/etf/mirae-asset-nifty-50-etf,NIFTYETF,,INF769K01EG9,26-11-2018,4489,0.04,0.02,-0.12,6.96
NSE,EQUITY,BROADER,Nifty 500 MultiCap 50:25:25,Mirae Asset Mutual Fund,Mirae Asset Nifty 500 Multicap ETF,Nifty 500 MultiCap 50:25:25 TRI,https://www.miraeassetmf.co.in/mutual-fund-scheme/etf/mirae-asset-nifty500-multicap-50-25-25-etf,MULTICAP,,INF769K01LX9,05-09-2024,51.56,0,0.08,-0.3,1.22
NSE,EQUITY,STRATEGIC,Nifty Smallcap250 Momentum Quality 100,Mirae Asset Mutual Fund,Mirae Asset Nifty Smallcap 250 Momentum Quality 100 ETF,Nifty Smallcap250 Momentum Quality 100 TRI,https://miraeassetetf.co.in/our-etfs/fund?nseSymbol=SMALLCAP,SMALLCAP,544130,INF769K01LC3,29-02-2024,714.95,0.47,0.21,-0.81,1.74
NSE,EQUITY,STRATEGIC,Nifty MidSmallcap400 Momentum Quality 100,Mirae Asset Mutual Fund,Mirae Asset Nifty MidSmallcap400 Momentum Quality 100 ETF,Nifty MidSmallcap400 Momentum Quality 100 TRI,https://www.miraeassetmf.co.in/mutual-fund-scheme/etf/mirae-asset-nifty-midsmallcap400-momentum-quality-100-etf,MIDSMALL,544180,INF769K01LJ8,28-05-2024,50.72,0.46,0.12,-0.58,1.5
NSE,EQUITY,STRATEGIC,Nifty 50 Factor Indices,Mirae Asset Mutual Fund,Mirae Asset Nifty50 Equal Weight ETF,Nifty 50 Equal Weight TRI,https://miraeassetetf.co.in/our-etfs/fund?nseSymbol=EQUAL50,EQUAL50,544401,INF769K01OO2,15-05-2025,92.28,0.11,0.21,-0.21,0.56
NSE,EQUITY,SECTORAL,BANK,Mirae Asset Mutual Fund,Mirae Asset Nifty Bank ETF,Nifty Bank TRI,https://www.miraeassetmf.co.in/mutual-fund-scheme/etf/mirae-asset-nifty-bank-etf,BANKETF,543944,INF769K01KR3,26-07-2023,267.34,0.1,0.02,-0.2,2.37
NSE,EQUITY,SECTORAL,FINANCIAL SERVICES,Mirae Asset Mutual Fund,Mirae Asset Nifty Financial Services ETF,Nifty Financial Services TRI,https://miraeassetetf.co.in/our-etfs/fund?nseSymbol=BFSI,BFSI,543323,INF769K01HI8,30-07-2021,438.29,0.12,0.06,-0.15,4.36
NSE,EQUITY,SECTORAL,IT,Mirae Asset Mutual Fund,Mirae Asset Nifty IT ETF,NIFTY IT TRI,https://miraeassetetf.co.in/our-etfs/fund?nseSymbol=ITETF,ITETF,544006,INF769K01KV5,26-11-2018,149.8,0.1,0.05,-0.17,7.03
NSE,EQUITY,SECTORAL,PSU BANK,Mirae Asset Mutual Fund,Mirae Asset Nifty PSU Bank ETF,Nifty PSU Bank TRI,chrome-extension://efaidnbmnnnibpcajpcglclefindmkaj/https://www.miraeassetmf.co.in/docs/default-source/product-presentations/mirae-asset-nifty-psu-bank-etf-ppt---june-25.pdf,BANKPSU,544266,INF769K01LZ4,08-10-2024,53.61,0.19,0.09,-0.32,1.16
NSE,EQUITY,THEMATIC,Energy,Mirae Asset Mutual Fund,Mirae Asset Nifty Energy ETF,Nifty Energy TRI,https://www.miraeassetmf.co.in/mutual-fund-scheme/etf/mirae-asset-nifty-energy-etf,ENERGY,,INF769K01PR2,13-11-2025,,0.11,0,,0.06
NSE,EQUITY,THEMATIC,EV and New Age Automotive,Mirae Asset Mutual Fund,Mirae Asset Nifty EV and New Age Automotive ETF,Nifty EV and New Age Automotive TRI,chrome-extension://efaidnbmnnnibpcajpcglclefindmkaj/https://www.miraeassetmf.co.in/docs/default-source/transaction-forms/mirae-asset-ev-and-new-age-automotive-etf.pdf?sfvrsn=3c745412_2,EVINDIA,544212,INF769K01LQ3,16-07-2024,171,0.39,0.44,-0.44,1.39
NSE,EQUITY,THEMATIC,Internet,Mirae Asset Mutual Fund,Mirae Asset Nifty India Internet ETF,Nifty India Internet TRI,https://miraeassetetf.co.in/our-etfs/fund?nseSymbol=INTERNET,INTERNET,544438,INF769K01PB6,18-06-2025,16.52,0.19,0.07,-0.12,0.47
NSE,EQUITY,THEMATIC,Manufacturing,Mirae Asset Mutual Fund,Mirae Asset Nifty India Manufacturing ETF,Nifty India Manufacturing√Ç TRI,https://miraeassetetf.co.in/our-etfs/fund?nseSymbol=MAKEINDIA,MAKEINDIA,543454,INF769K01IB1,27-01-2022,218.17,0.53,0.05,-0.59,3.86
NSE,EQUITY,THEMATIC,New Age Consumtion,Mirae Asset Mutual Fund,Mirae Asset Nifty India New Age Consumption ETF,Nifty India New Age Consumption TRI,https://miraeassetetf.co.in/our-etfs/fund?nseSymbol=CONSUMER,CONSUMER,544323,INF769K01NS5,26-12-2024,38.04,0.3,0.1,-0.32,0.95
NSE,EQUITY,THEMATIC,ESG SECTOR LEADERS,Mirae Asset Mutual Fund,MIRAE ASSET NIFTY 100 ESG SECTOR LEADERS ETF,Nifty 100 ESG Sector Leaders TRI,https://miraeassetetf.co.in/our-etfs/fund?nseSymbol=ESG,ESG,543246,INF769K01GS9,17-11-2020,117.37,0.1,0.06,-0.78,5.05
BSE,EQUITY,STRATEGIC,BSE Select IPO,Mirae Asset Mutual Fund,Mirae Asset BSE Select IPO,BSE Select IPO TRI,https://miraeassetetf.co.in/our-etfs/fund?nseSymbol=SELECTIPO,SELECTIPO,544376,INF769K01ON4,17-03-2025,18.16,0.34,0.2,-0.56,0.75
BSE,EQUITY,STRATEGIC,BSE 200 Factor Indices,Mirae Asset Mutual Fund,Mirae Asset BSE 200 Equal Weight ETF,BSE 200 Equal Weight TRI,https://miraeassetetf.co.in/transact?nseSymbol=EQUAL200,EQUAL200,544377,INF769K01OA1,17-03-2025,14.94,0.34,0.6,-0.2,0.73
,GLOBAL EQUITY,Hang Seng,,Mirae Asset Mutual Fund,Mirae Asset Hang Seng TECH ETF,Hang Seng Tech Index TRI,https://miraeassetetf.co.in/our-etfs/fund?nseSymbol=MAHKTECH,MAHKTECH,543414,INF769K01HS7,06-12-2021,437.82,0.55,0.12,-0.76,4.01
,GLOBAL EQUITY,NYSE FANG+,,Mirae Asset Mutual Fund,Mirae Asset NYSE FANG+ ETF,NYSE FANG+ TRI,https://miraeassetetf.co.in/our-etfs/fund?nseSymbol=MAFANG,MAFANG,543291,INF769K01HF4,06-05-2021,3651.94,0.65,0.04,-0.76,4.59
,GLOBAL EQUITY,S&P 500,,Mirae Asset Mutual Fund,Mirae Asset S&P 500 Top 50 ETF,S&P 500 Top 50 TRI,https://www.miraeassetmf.co.in/digitalfactsheets/2022_Nov/innerpages/S-and-P-500-TOP-50-ETF.html,MASPTOP50,543365,INF769K01HP3,20-09-2021,1003.99,0.6,0.05,-1.19,4.22
,COMMODITIES,GOLD,,Mirae Asset Mutual Fund,Mirae Asset Gold ETF,Domestic Price of Gold,https://miraeassetetf.co.in/our-etfs/fund?nseSymbol=GOLDETF,GOLDETF,543781,INF769K01JP9,20-02-2023,1641.41,0.35,0.39,-1.17,2.81
,COMMODITIES,SILVER,,Mirae Asset Mutual Fund,Mirae Asset Silver ETF,Domestic Price of Physical Silver,https://miraeassetetf.co.in/our-etfs/fund?nseSymbol=SILVRETF,SILVERAG,543922,INF769K01KG6,09-06-2023,460.88,0.34,0.63,-1.29,2.51
NSE,DEBT,LIQUID,,Mirae Asset Mutual Fund,Mirae Asset Nifty 1D Rate Liquid ETF,Nifty 1D Rate Index,https://www.miraeassetmf.co.in/mutual-fund-scheme/nav-archive/mirae-asset-nifty-1d-rate-liquid-etf,LIQUID,543946,INF769K01KS1,31-07-2023,508.88,0.26,0.04,-0.18,2.36
NSE,DEBT,LIQUID,,Mirae Asset Mutual Fund,Mirae Asset Nifty 1D Rate Liquid ETF Growth,Nifty 1D Rate Index,https://miraeassetetf.co.in/our-etfs/fund?nseSymbol=LIQUIDPLUS,LIQUIDPLUS,544284,INF769K01MY5,13-11-2024,285.35,0.15,0.22,-0.11,1.09
NSE,EQUITY,BROADER,Nifty Midcap 150,Mirae Asset Mutual Fund,Mirae Asset Nifty Midcap 150 ETF,Nifty Midcap 150 TRI,https://www.miraeassetmf.co.in/mutual-fund-scheme/etf/mirae-asset-nifty-midcap-150-etf,MIDCAPETF,543481,INF769K01IC9,15-03-2022,1254.47,0.05,0.05,-0.21,3.75
NSE,EQUITY,THEMATIC,Metal,Mirae Asset Mutual Fund,Mirae Asset Nifty Metal ETF,Nifty Metal TRI,https://miraeassetetf.co.in/our-etfs/fund?nseSymbol=METAL,METAL,544268,INF769K01LY7,09-10-2024,101.38,0.29,0.18,-0.27,1.18
NSE,EQUITY,BROADER,Nifty Midcap 150,Mirae Asset Mutual Fund,Mirae Asset Nifty Midcap 150,Nifty Midcap 150 TRI,https://miraeassetetf.co.in/our-etfs/fund?nseSymbol=MIDCAPETF,MIDCAPETF,543481,INF769K01IC9,09-03-2022,1303.61,0.05,0.05,-0.23,3.77
NSE,EQUITY,STRATEGIC,Nifty 100 Factor Indices,Mirae Asset Mutual Fund,Mirae Asset Nifty 100 Low Volatility 30 ETF,Nifty 100 Low Volatility 30 TRI,https://miraeassetetf.co.in/our-etfs/fund?nseSymbol=LOWVOL,LOWVOL,543858,INF769K01JU9,31-03-2023,49.79,0.34,0.05,-0.46,2.71
,DEBT,G-Sec,,Motilal Oswal Mutual Fund,Motilal Oswal 5 Year G Sec ETF,Nifty 5 yr G-Sec TRI,https://www.motilaloswalmf.com/etf/motilal-oswal-nifty-5-yr-benchmark-g-sec-etf,MOGSEC,543250,INF247L01AK4,10-12-2020,140.31,0.24,0.14,-0.37,5.01
NSE,EQUITY,BROADER,Nifty 50,Motilal Oswal Mutual Fund,Motilal Oswal Nifty 50 ETF,Nifty 50 TRI,https://www.motilaloswalmf.com/etf/motilal-oswal-nifty-50-etf#Overview,MOM50,,INF247L01536,30-07-2010,59,0.05,0.02,-1.17,15.29
NSE,EQUITY,BROADER,Nifty Next 50,Motilal Oswal Mutual Fund,Motilal Oswal Nifty Next 50 ETF,Nifty Next 50 TRI,https://www.motilaloswalmf.com/mutual-funds/motilal-oswal-nifty-next-50-index-fund,MONEXT50,,INF247L01FD8,14-05-2025,1.45,0.2,0.26,-0.17,0.52
NSE,EQUITY,BROADER,Nifty 100,Motilal Oswal Mutual Fund,Motilal Oswal Nifty 100 ETF,Nifty 100 TRI,https://www.motilaloswalmf.com/etf/motilal-oswal-nifty-100-etf,MONIFTY100,,INF247L01GG9,13-10-2025,,0.5,0.07,-0.19,0.11
NSE,EQUITY,STRATEGIC,Nifty 200 Factor Indices,Motilal Oswal Mutual Fund,Motilal Oswal Nifty 200 Momentum 30 ETF,Nifty 200 Momentum 30 TRI,https://www.motilaloswalmf.com/etf/motilal-oswal-nifty-200-momentum-30-etf,MOMOMENTUM,543465,INF247L01BK2,17-02-2022,133.57,0.3,0.33,-0.59,3.77
NSE,EQUITY,STRATEGIC,Nifty 500 Factor Indices,Motilal Oswal Mutual Fund,Motilal Oswal Nifty 500 Momentum 50 ETF,Nifty 500 Momentum 50 TRI,https://www.motilaloswalmf.com/mutual-funds/motilal-oswal-nifty-500-momentum-50-etf#Overview,MOMENTUM50,,INF247L01DK8,30-09-2024,258.77,0.41,0.38,-0.84,1.15
NSE,EQUITY,BROADER,Nifty 500,Motilal Oswal Mutual Fund,Motilal Oswal Nifty 500 ETF,Nifty 500 TRI,https://www.motilaloswalmf.com/mutual-funds/motilal-oswal-nifty-500-etf,MONIFTY500,,INF247L01BU1,06-10-2023,179.51,0.21,0.02,-0.29,2.14
NSE,EQUITY,STRATEGIC,Nifty Midcap 150 Factor Indices,Motilal Oswal Mutual Fund,Motilal Oswal Nifty Midcap150 Momentum 50 ETF,Nifty Midcap 150 Momentum 50 TRI,https://www.motilaloswalmf.com/etf/motilal-oswal-nifty-midcap-150-momentum-50-etf#Overview,MOMIDMTM,,INF247L01FQ0,03-07-2025,0.26,0.53,0.1,-1.02,0.4
NSE,EQUITY,STRATEGIC,Nifty Alpha Factor Indices,Motilal Oswal Mutual Fund,Motilal Oswal Nifty Alpha 50 ETF,Nifty Alpha 50 TRI,https://www.motilaloswalmf.com/etf/motilal-oswal-nifty-alpha-50-etf,MOALPHA50,,INF247L01FR8,07-07-2025,5.71,0.53,0.29,-0.3,0.39
NSE,EQUITY,BROADER,Nifty SmallCap 250,Motilal Oswal Mutual Fund,Motilal Oswal Nifty Smallcap 250 ETF,Nifty SmallCap 250 TRI,https://www.motilaloswalmf.com/mutual-funds/motilal-oswal-nifty-smallcap-250-etf,MOSMALL250,140518734,INF247L01CH6,21-03-2024,127.5,0.3,0.14,-0.37,1.68
NSE,EQUITY,STRATEGIC,Nifty 50 Factor Indices,Motilal Oswal Mutual Fund,Motilal Oswal Nifty 50 Equal Weight ETF,Nifty 50 Equal Weight TRI,https://www.motilaloswalmf.com/etf/motilal-oswal-nifty-50-etf,MON50EQUAL,,INF247L01FC0,07-05-2025,52.38,0.16,0.05,0.07,0.58
NSE,EQUITY,SECTORAL,REALTY,Motilal Oswal Mutual Fund,Motilal Oswal Nifty Realty ETF,Nifty Realty TRI,https://www.motilaloswalmf.com/mutual-funds/motilal-oswal-nifty-realty-etf,MOREALTY,140518732,INF247L01CI4,21-03-2024,196.77,0.4,0.04,-0.92,1.71
NSE,EQUITY,THEMATIC,Capital Market,Motilal Oswal Mutual Fund,Motilal Oswal Nifty Capital Market ETF,Nifty Capital Market TRI,https://www.motilaloswalmf.com/mutual-funds/motilal-oswal-nifty-capital-market-etf,MOCAPITAL,,INF247L01EV3,13-05-2025,99.13,0.53,0.07,-0.65,0.57
NSE,EQUITY,THEMATIC,Energy,Motilal Oswal Mutual Fund,Motilal Oswal Nifty Energy ETF,Nifty Energy TRI,https://www.motilaloswalmf.com/etf/motilal-oswal-nifty-energy-etf#Performance,MOENERGY,,INF247L01GH7,13-10-2025,,0.5,0.03,-0.15,0.15
NSE,EQUITY,THEMATIC,Defence,Motilal Oswal Mutual Fund,Motilal Oswal Nifty India Defence ETF,Nifty India Defence TRI,https://www.motilaloswalmf.com/mutual-funds/motilal-oswal-nifty-india-defence-etf,MODEFENCE,140518913,INF247L01DJ0,27-08-2024,872.07,0.41,0.1,-0.69,1.28
NSE,EQUITY,THEMATIC,Manufacturing,Motilal Oswal Mutual Fund,Motilal Oswal Nifty India Manufacturing ETF,Nifty India Manufacturing√Ç TRI,https://www.motilaloswalmf.com/etf/motilal-oswal-nifty-india-manufacturing-etf,MOMGF,,INF247L01FK3,28-05-2025,1.9,0.52,0.23,-0.46,0.53
NSE,EQUITY,THEMATIC,Tourism,Motilal Oswal Mutual Fund,Motilal Oswal Nifty India Tourism ETF,Nifty India Tourism TRI,https://www.motilaloswalmf.com/etf/motilal-oswal-nifty-india-tourism-etf,MOTOUR,,INF247L01FP2,09-06-2025,4.21,0.52,0.52,-0.22,0.49
NSE,EQUITY,THEMATIC,MNC,Motilal Oswal Mutual Fund,Motilal Oswal Nifty MNC ETF,Nifty MNC TRI,https://www.icicidirect.com/mutual-funds/nav-details/motilal-oswal-nifty-mnc-etf,MOMNC,,INF247L01GK1,01-12-2025,,0,,,0.01
NSE,EQUITY,THEMATIC,PSE,Motilal Oswal Mutual Fund,Motilal Oswal Nifty PSE ETF,Nifty PSE TRI,https://www.motilaloswalmf.com/mutual-funds/motilal-oswal-nifty-pse-etf,MOPSE,,INF247L01FO5,05-06-2025,1.22,0.52,0.05,-0.4,0.5
NSE,EQUITY,THEMATIC,SERVICE SECTOR,Motilal Oswal Mutual Fund,Motilal Oswal Nifty Services Sector ETF,Nifty Service Sector TRI,chrome-extension://efaidnbmnnnibpcajpcglclefindmkaj/https://www.motilaloswalmf.com/CMS/assets/uploads/Documents/9d6b8-2.-annexure-ii-kim_motilal-oswal-nifty-service-sector-etf-clean.pdf,MOSERVICE,,INF247L01GJ3,27-11-2025,,0,,,0.02
BSE,EQUITY,SECTORAL,HEALTHCARE,Motilal Oswal Mutual Fund,Motilal Oswal S&P BSE Healthcare ETF,BSE Healthcare TRI,https://www.motilaloswalmf.com/etf/motilal-oswal-bse-healthcare-etf#Overview,MOHEALTH,543563,INF247L01BB1,04-08-2022,38.1,0.23,0.07,-0.36,3.36
BSE,EQUITY,STRATEGIC,BSE Quality,Motilal Oswal Mutual Fund,Motilal Oswal BSE Quality ETF,BSE Quality TRI,https://www.nseindia.com/get-quote/equity/MOQUALITY/Motilal-Oswal-Mutual-Fund---Motilal-Oswal-S&P-BSE-Quality-ETF,MOQUALITY,543577,INF247L01BH8,26-08-2022,19.27,0.31,0.16,-0.74,3.3
,GLOBAL EQUITY,NASDAQ,,Motilal Oswal Mutual Fund,Motilal Oswal NASDAQ 100 ETF - Growth Option,NASDAQ 100 TRI,https://www.motilaloswalmf.com/etf/motilal-oswal-nasdaq-100-etf,MON100,533385,INF247L01AP3,29-03-2011,11240.99,0.58,0.06,-1.5,14.71
,GLOBAL EQUITY,NASDAQ,,Motilal Oswal Mutual Fund,Motilal Oswal Nasdaq Q 50 ETF,NASDAQ Q50 TRI,https://www.motilaloswalmf.com/etf/motilal-oswal-nasdaq-q-50-etf,MONQ50,543437,INF247L01AU3,23-12-2021,123.14,0.45,0.71,-0.98,3.96
,COMMODITIES,GOLD,,Motilal Oswal Mutual Fund,Motilal Oswal Gold ETF,Domestic Price of Gold,https://www.motilaloswalmf.com/etf,MOGOLD,,INF247L01FY4,28-07-2025,680.54,0.56,0.47,-0.65,0.37
,COMMODITIES,SILVER,,Motilal Oswal Mutual Fund,Motilal Oswal Silver ETF,Domestic Price of Physical Silver,https://www.motilaloswalmf.com/etf,MOSILVER,,INF247L01FZ1,11-08-2025,232.72,0.55,1.18,-0.83,0.33
BSE,EQUITY,STRATEGIC,BSE Enhanced Value,Motilal Oswal Mutual Fund,Motilal Oswal SP BSE Enhanced Value ETF,BSE Enhanced Value TRI,https://www.motilaloswalmf.com/etf,MOVALUE,543576,INF247L01BE5,26-08-2022,122.91,0.31,0.18,-0.74,3.3
NSE,EQUITY,BROADER,Nifty MidCap 100,Motilal Oswal Mutual Fund,Motilal Oswal Nifty 100 ETF,Nifty Midcap 100 TRI,https://www.motilaloswalmf.com/etf/motilal-oswal-nifty-midcap-100-etf,MOM100,536960,INF247L01023,04-02-2011,732.18,0.22,0.07,-0.19,14.87
BSE,EQUITY,THEMATIC,India Infrastructure,Motilal Oswal Mutual Fund,Motilal Oswal BSE India Infrastructure ETF,BSE India Infrastructure TRI,https://www.motilaloswalmf.com/etf,MOINFRA,,INF247L01FL1,21-05-2025,1.67,0.53,2.82,1.75,0.57
BSE,EQUITY,STRATEGIC,BSE Low Volatility,Motilal Oswal Mutual Fund,Motilal Oswal S&P BSE Low Volatility ETF,BSE Low Volatility TRI,https://www.motilaloswalmf.com/etf/motilal-oswal-bse-low-volatility-etf,MOLOWVOL,,INF247L01BL0,30-03-2022,75.49,0.37,0.13,-0.66,3.71
,COMMODITIES,GOLD,,Nippon India Mutual Fund,Nippon India ETF Gold BeES,Domestic Price of Gold,https://mf.nipponindiaim.com/FundsAndPerformance/Pages/NipponIndia-ETF-Gold-BeES.aspx,GOLDBEES,590095,INF204KB17I5,19-03-2007,32605.96,0.8,0.23,-1.13,18.74
,COMMODITIES,SILVER,,Nippon India Mutual Fund,Nippon India Silver ETF,Domestic Price of Physical Silver,https://etf.nipponindiaim.com/Funds/details/2025,SILVERBEES,590145,INF204KC1402,07-02-2022,17525.28,0.56,0.58,-1.31,3.84
NSE,EQUITY,BROADER,Nifty 50,Nippon India Mutual Fund,Nippon India ETF Nifty 50 BeES,Nifty 50 TRI,https://etf.nipponindiaim.com/Funds/details/14,NIFTYBEES,,INF204KB14I2,08-02-2002,50974.75,0.04,0.02,-0.35,23.78
BSE,EQUITY,BROADER,BSE Sensex,Nippon India Mutual Fund,Nippon India ETF S&P BSE Sensex,S&P BSE Sensex TRI,https://etf.nipponindiaim.com/Funds/details/15,SENSEXBEES,538683,INF204KA1UN7,24-09-2014,22060,0.04,0.02,-0.09,11.16
NSE,EQUITY,BROADER,Nifty Next 50,Nippon India Mutual Fund,Nippon India ETF Nifty Next 50 Junior BeES,Nifty Next 50 TRI,https://mf.nipponindiaim.com/FundsAndPerformance/Pages/NipponIndia-ETF-Nifty-Next-50-Junior-BeES.aspx,JUNIORBEES,590104,INF732E01045,06-03-2006,6867.09,0.17,0.06,-1.01,19.72
NSE,EQUITY,BROADER,Nifty 100,Nippon India Mutual Fund,Nippon India ETF Nifty 100,Nifty 100 TRI,https://etf.nipponindiaim.com/Funds/details/2,NIF100BEES,537483,INF204K014N5,22-03-2013,318.6,0.5,0.03,-0.92,12.68
NSE,EQUITY,SECTORAL,AUTO,Nippon India Mutual Fund,Nippon Auto ETF,Nifty Auto TRI,https://mf.nipponindiaim.com/FundsAndPerformance/Pages/NipponIndia-Nifty-Auto-ETF.aspx,AUTOBEES,,INF204KC1337,25-01-2022,357.99,0.22,0.04,-0.32,3.87
NSE,EQUITY,SECTORAL,BANK,Nippon India Mutual Fund,Nippon India ETF Nifty Bank BeES,Nifty Bank TRI,https://mf.nipponindiaim.com/FundsAndPerformance/Pages/NipponIndia-ETF-Nifty-Bank-BeES.aspx,BANKBEES,590106,INF204KB15I9,04-06-2004,7731.4,0.19,0.03,-0.49,21.52
NSE,EQUITY,SECTORAL,IT,Nippon India Mutual Fund,Nippon India ETF Nifty IT,NIFTY IT TRI,https://mf.nipponindiaim.com/FundsAndPerformance/Pages/NipponIndia-ETF-Nifty-IT.aspx,ITBEES,590141,INF204KB15V2,01-07-2020,2896.96,0.22,0.05,-0.38,5.44
NSE,EQUITY,SECTORAL,PSU BANK,Nippon India Mutual Fund,Nippon India ETF Nifty PSU Bank BeES,Nifty PSU Bank TRI,https://mf.nipponindiaim.com/FundsAndPerformance/Pages/NipponIndia-ETF-Nifty-PSU-Bank-BeES.aspx,PSUBNKBEES,590108,INF204KB16I7,01-11-2007,3663.17,0.49,0.09,-0.57,18.11
NSE,EQUITY,SECTORAL,PHARMA,Nippon India Mutual Fund,Nippon India Nifty Pharma ETF,Nifty Pharma TRI,https://mf.nipponindiaim.com/FundsAndPerformance/Pages/NipponIndia-Nifty-Pharma-ETF.aspx,PHARMABEES,590142,INF204KC1089,07-07-2021,1022.91,0.21,0.02,-0.28,4.42
NSE,EQUITY,THEMATIC,Nifty 50 shariah,Nippon India Mutual Fund,Nippon India ETF Nifty 50 Shariah BeES,Nifty50 Shariah TRI.,https://mf.nipponindiaim.com/FundsAndPerformance/Pages/NipponIndia-ETF-Nifty-50-Shariah-BeES.aspx,SHARIABEES,,INF732E01128,18-03-2009,54.62,0.96,0.1,-1.17,16.73
NSE,EQUITY,THEMATIC,India Cosumption,Nippon India Mutual Fund,Nippon India ETF Nifty India Consumption,Nifty India Consumption TRI,https://mf.nipponindiaim.com/FundsAndPerformance/Pages/NipponIndia-ETF-Nifty-India-Consumption.aspx,CONSUMBEES,,INF204KA1LD7,11-04-2014,200.58,0.31,0.03,-0.28,11.66
NSE,EQUITY,THEMATIC,Infrastructure,Nippon India Mutual Fund,Nippon India ETF Nifty Infrastructure BeES,Nifty Infrastructure TRI,https://mf.nipponindiaim.com/FundsAndPerformance/Pages/NipponIndia-ETF-Nifty-Infrastructure-BeES.aspx,INFRABEES,543255,INF732E01268,05-10-2010,166.29,1.03,0.06,-1.2,15.18
,GLOBAL EQUITY,Hang Seng,,Nippon India Mutual Fund,Nippon India ETF Hang Seng BeES,Hang Seng TRI,https://mf.nipponindiaim.com/FundsAndPerformance/Pages/NipponIndia-ETF-Hang-Seng-BeES.aspx,HNGSNGBEES,590113,INF204KB19I1,09-03-2010,1017.67,0.93,0.13,-1.05,15.76
NSE,DEBT,LIQUID,,Nippon India Mutual Fund,Nippon India ETF Nifty 1D Rate Liquid BeES,Nifty 1D Rate Index,https://mf.nipponindiaim.com/FundsAndPerformance/Pages/NipponIndia-ETF-Nifty-1D-Rate-Liquid-BeES.aspx,LIQUIDBEES,590096,INF732E01037,16-03-2003,11473.73,0.69,0.03,,22.44
NSE,DEBT,LIQUID,,Nippon India Mutual Fund,Nippon India Nifty 1D Rate Liquid ETF Growth,Nifty 1D Rate Index,https://mf.nipponindiaim.com/FundsAndPerformance/Pages/NipponIndia-Nifty-1D-Rate-Liquid-ETF-Growth.aspx,LIQGRWBEES,,INF204KC1FU1,25-07-2025,85.17,0.49,,,0.38
,DEBT,G-Sec,,Nippon India Mutual Fund,Nippon India ETF Nifty 8-13 yr G-Sec Long Term Gilt,Nifty 8-13 yr G-Sec Index,https://mf.nipponindiaim.com/FundsAndPerformance/Pages/NipponIndia-ETF-Nifty-8-13-yr-G-Sec-Long-Term-Gilt.aspx,LTGILTBEES,590143,INF204KB1882,05-07-2016,2655.97,0.1,0.02,-0.19,9.44
,DEBT,G-Sec,,Nippon India Mutual Fund,Nippon India ETF Nifty 5 yr Benchmark GSec,Nifty 5 yr Benchmark G-Sec Index,https://mf.nipponindiaim.com/FundsAndPerformance/Pages/NipponIndia-ETF-Nifty-5-yr-Benchmark-G-Sec.aspx,GILT5YBEES,,INF204KC1030,05-04-2021,263.07,0.09,0.14,-0.03,4.68
BSE,EQUITY,BROADER,BSE Sensex Next 30,Nippon India Mutual Fund,Nippon India BSE Sensex Next 30 ETF,BSE Sensex Next 30 TRI,https://etf.nipponindiaim.com/Funds/details/2028,SNXT30BEES,544415,INF204KC1EZ3,10-06-2025,4.39,0.15,0.15,,0.52
BSE,EQUITY,BROADER,BSE Sensex Next 50,Nippon India Mutual Fund,Nippon India ETF BSE Sensex Next 50,BSE Sensex Next 50 TRI,https://mf.nipponindiaim.com/FundsAndPerformance/Pages/NipponIndia-ETF-BSE-Sensex-Next-50.aspx,SNXT50BEES,542747,INF204KB15D0,30-07-2019,84.34,0.23,0.06,-0.76,6.39
NSE,EQUITY,BROADER,Nifty Midcap 150,Nippon India Mutual Fund,Nippon India Nifty Midcap 150 ETF,Nifty Midcap 150 TRI,https://etf.nipponindiaim.com/Funds/details/1017,MID150BEES,590144,INF204KB1V68,31-01-2019,2692.6,0.21,0.12,-0.35,6.87
BSE,EQUITY,BROADER,BSE Sensex Next 30,Nippon India Mutual Fund,Nippon India BSE Sensex Next 30 ETF,BSE Sensex Next 30 TRI,https://etf.nipponindiaim.com/Funds/details/2028,SNXT30BEES,,INF204KC1EZ3,13-06-2025,4.39,0.15,,,0.5
NSE,EQUITY,STRATEGIC,Nifty 50 Factor Indices,Nippon India Mutual Fund,Nippon India ETF Nifty 50 Value 20,Nifty 50 Value 20 TRI,https://etf.nipponindiaim.com/Funds/details/16,NV20BEES,,INF204KB18I3,23-06-2015,159.11,0.26,0.06,-0.61,10.48
,DEBT,SDL,,Nippon India Mutual Fund,Nippon India ETF Nifty SDL Apr 2026 Top 20 Equal Weight,Nifty SDL Apr 2026 Top 20 Equal Weight Index,https://mf.nipponindiaim.com/FundsAndPerformance/Pages/NipponIndia-ETF-Nifty-SDL-Apr-2026-Top-20-Equal-Weight.aspx,SDL26BEES,,INF204KC1022,31-03-2021,5052.65,0.2,0.33,0.08,4.71
NSE,EQUITY,THEMATIC,CPSE,Nippon India Mutual Fund,CPSE ETF,Nifty CPSE TRI,https://etf.nipponindiaim.com/Funds/details/10,CPSEETF,538057,INF457M01133,04-04-2014,29139.67,0.07,0.08,1.02,11.7
NSE,EQUITY,THEMATIC,Manufacturing,Nippon India Mutual Fund,Nippon India Nifty India Manufacturing ETF,Nifty India Manufacturing TRI,https://etf.nipponindiaim.com/Funds/details/3032,MANUFGBEES,,INF204KC1GH6,29-08-2025,6.14,0.25,0.04,,0.29
NSE,EQUITY,STRATEGIC,Nifty Dividend Opportunities 50,Nippon India Mutual Fund,Nippon India ETF Nifty Dividend Opportunities 50,Nifty Dividend Opportunities 50 TRI,https://etf.nipponindiaim.com/Funds/details/4,DIVOPPBEES,,INF204KA1MS3,15-04-2014,77.76,0.37,0.05,-0.26,11.67
NSE,EQUITY,BROADER,Nifty 50,Quantum Mutual Fund,Quantum Nifty 50 ETF,Nifty 50 TRI,https://www.quantumamc.com/equity-funds/quantum-nifty-etf-fund,QNIFTY,,INF082J01028,18-07-2008,77,0.09,0.05,-0.07,17.33
,COMMODITIES,GOLD,,Quantum Mutual Fund,Quantum Gold Exchange Traded Fund - Open Ended,Domestic Price of Gold,https://www.quantumamc.com/gold-funds/quantum-gold-etf-fund,QGOLDHALF,590099,INF082J01408,22-02-2008,489.79,0.56,,-0.92,17.81
NSE,EQUITY,BROADER,Nifty 50,SBI Mutual Fund,SBI Nifty 50 ETF,Nifty 50 TRI,https://www.sbimf.com/sbimf-scheme-details/sbi-nifty-50-etf-433,SETFNIF50,,INF200KA1FS1,27-07-2015,217587.37,0.04,0.01,-0.08,10.3
BSE,EQUITY,BROADER,BSE Sensex,SBI Mutual Fund,SBI Sensex ETF,S&P BSE Sensex TRI,https://www.sbimf.com/sbimf-scheme-details/sbi-s--p-bse-sensex-etf-formerly-known-as-(sbi-etf-sensex)-294,SBISENSEX,535276,INF200K01VT2,15-03-2013,123001,0.04,0.02,-0.09,12.69
NSE,EQUITY,BROADER,Nifty Next 50,SBI Mutual Fund,SBI Nifty Junior ETF,Nifty Next 50 TRI,https://www.sbimf.com/sbimf-scheme-details/sbi-nifty-next-50-etf-formerly-known-as-(sbi-etf-nifty-next-50)-416,SETFNN50,,INF200KA1598,25-03-2015,2683.24,0.12,0.06,-0.31,10.67
NSE,EQUITY,STRATEGIC,Nifty 50 Factor Indices,SBI Mutual Fund,SBI Nifty50 Equal Weight ETF,Nifty 50 Equal Weight TRI,https://etf.sbimf.com/sbimf-scheme-details/sbi-nifty-50-etf-433,SBINEQWETF,544215,INF200KB1282,23-07-2024,28.83,0.3,0.04,-0.42,1.37
NSE,EQUITY,SECTORAL,BANK,SBI Mutual Fund,SBI Banking ETF,Nifty Bank TRI,https://www.sbimf.com/sbimf-scheme-details/sbi-nifty-bank-etf-formerly-known-as-(sbi-etf-nifty-bank)-417,SETFNIFBK,590137,INF200KA1580,25-03-2015,3997.39,0.19,0.02,-0.34,10.71
NSE,EQUITY,SECTORAL,IT,SBI Mutual Fund,SBI ETF IT,NIFTY IT TRI,https://www.sbimf.com/sbimf-scheme-details/sbi-nifty-it-etf-577,SBIETFIT,,INF200KA1S14,22-10-2020,74.34,0.2,0.04,-0.28,5.13
NSE,EQUITY,SECTORAL,PRIVATE BANK,SBI Mutual Fund,SBI ETF Private Bank,Nifty Private Bank TRI,https://www.sbimf.com/sbimf-scheme-details/sbi-nifty-private-bank-etf-formerly-known-as-(sbi-etf-private-bank)-576,SBIETFPB,,INF200KA1S22,22-10-2020,519.86,0.15,0.02,-0.28,5.13
NSE,EQUITY,THEMATIC,India Cosumption,SBI Mutual Fund,SBI ETF Consumption,Nifty India Consumption TRI,https://www.sbimf.com/sbimf-scheme-details/sbi-nifty-consumption-etf-592,SBIETFCON,,INF200KA1X17,02-07-2021,25.13,0.25,0.02,-0.42,4.43
BSE,EQUITY,BROADER,BSE 100,SBI Mutual Fund,SBI BSE 100 ETF,BSE 100 TRI,https://www.sbimf.com/sbimf-scheme-details/sbi-s--p-bse-100-etf-formerly-known-as-(sbi-etf-bse-100)-418,SETFBSE100,539031,INF200KA1572,18-03-2015,10.15,0.14,0.02,-0.2,10.73
,COMMODITIES,GOLD,,SBI Mutual Fund,SBI Gold Exchange Traded Scheme - Growth Option,Domestic Price of Gold,https://www.sbimf.com/sbimf-scheme-details/sbi-gold-etf-formerly-known-as-(sbi-etf-gold)-131,SETFGOLD,590098,INF200KA16D8,18-05-2009,14141.5,0.7,0.23,-1.07,16.58
,COMMODITIES,SILVER,,SBI Mutual Fund,SBI Silver ETF,Domestic Price of Physical Silver,https://www.sbimf.com/sbimf-scheme-details/sbi-silver-etf-652,SBISILVER,544206,INF200KB1217,03-07-2024,2330.68,0.4,0.63,-2,1.44
NSE,DEBT,LIQUID,,SBI Mutual Fund,SBI Nifty 1D Rate Liquid ETF Growth,Nifty 1D Rate Index,https://www.sbimf.com/sbimf-scheme-details/sbi-nifty-1d-rate-liquid-etf---growth-677,SBILIQETF,544478,INF200KB1969,13-08-2025,28.53,0.2,,-0.07,0.33
BSE,EQUITY,BROADER,BSE Sensex Next 50,SBI Mutual Fund,SBI ETF Sensex Next 50,BSE Sensex Next 50 TRI,https://www.sbimf.com/sbimf-scheme-details/sbi-bse-sensex-next-50-etf-499,SETFSN50,541972,INF200KA1VQ2,25-09-2018,24.28,0.12,0.04,-0.45,7.23
NSE,EQUITY,STRATEGIC,Nifty 200 Factor Indices,SBI Mutual Fund,SBI Nifty 200 Quality 30 ETF,Nifty 200 Quality 30 TRI,https://www.sbimf.com/sbimf-scheme-details/sbi-nifty-200-quality-30-etf-formerly-known-as-(sbi-etf-quality)-507,SBIETFQLTY,,INF200KA1WX6,17-12-2018,76.58,0.3,0.06,-0.64,7
BSE,EQUITY,THEMATIC,PSU BANK,SBI Mutual Fund,SBI BSE PSU Bank ETF,BSE PSU BANK TRI,https://etf.sbimf.com/sbimf-scheme-details/sbi-bse-psu-bank-etf-fund-669,SBIBPB,,INF200KB1712,27-03-2025,813.69,0.25,,-0.03,0.72
,DEBT,G-Sec,,SBI Mutual Fund,SBI ETF 10 YEAR GILT,Nifty 10 yr Benchmark G-Sec Index,https://www.sbimf.com/sbimf-scheme-details/sbi-nifty-10-yr-benchmark-g-sec-etf-formerly-known-as-(sbi-etf-10-year-gilt)-455,SETF10GILT,,INF200KA1JT1,17-06-2016,3289.43,0.14,0.03,-0.08,9.5
NSE,DEBT,LIQUID,,Shriram Mutual Fund,Shriram Nifty 1D Rate Liquid ETF,Nifty 1D Rate Index,https://www.shriramamc.in/mutual-funds/snifty1detf,LIQUIDSHRI,544208,INF680P01422,09-07-2024,46.11,0.42,0.01,-0.41,1.43
NSE,EQUITY,BROADER,Nifty 50,Tata Mutual Fund,Tata Nifty 50 ETF,Nifty 50 TRI,https://www.tatamutualfund.com/mutual-funds/tata-nifty-50-exchange-traded-fund-direct-growth,NETF,,INF277K015R5,01-01-2019,709,0.06,0.17,-0.09,6.87
NSE,EQUITY,SECTORAL,PRIVATE BANK,Tata Mutual Fund,Tata Nifty Private Bank Exchange Traded Fund,Nifty Private Bank TRI,https://www.tatamutualfund.com/mutual-funds/tata-nifty-private-bank-exchange-traded-fund-direct-growth,NPBET,,INF277K010X4,09-09-2019,11.98,0.13,0.07,0.16,6.25
NSE,EQUITY,THEMATIC,Digital,Tata Mutual Fund,Tata Nifty India Digital Exchange Traded Fund,Nifty India Digital TRI,https://www.tatamutualfund.com/mutual-funds/tata-nifty-india-digital-exchange-traded-fund-direct-growth,TNIDETF,,INF277KA1364,08-04-2022,177.31,0.39,0.12,-0.26,3.67
,COMMODITIES,GOLD,,Tata Mutual Fund,Tata Gold Exchange Traded Fund,Domestic Price of Gold,https://www.tatamutualfund.com/mutual-funds/tata-gold-exchange-traded-fund-direct-growth,TATAGOLD,590140,INF277KA1976,17-01-2024,2074.52,0.4,0.42,-2,1.9
,COMMODITIES,SILVER,,Tata Mutual Fund,Tata Silver Exchange Traded Fund,Domestic Price of Physical Silver,https://www.tatamutualfund.com/mutual-funds/tata-silver-exchange-traded-fund-direct-growth,TATSILV,140518585,INF277KA1984,12-02-2024,1189.44,0.44,0.7,-2.21,1.83
,COMMODITIES,GOLD,,Union Mutual Fund,Union Gold ETF,Domestic Price of Gold,https://www.unionmf.com/funddetail/union-gold-etf,UNIONGOLD,544363,INF582M01KS4,21-02-2025,181.96,0.54,,,0.8
NSE,EQUITY,BROADER,Nifty 50,UTI Mutual Fund,UTI Nifty 50 ETF,Nifty 50 TRI,https://www.utimf.com/mutual-funds/uti-nifty-50-etf,UTINIFTETF,,INF789F1AZC0,03-09-2015,67853,0.05,0.13,-0.06,10.2
BSE,EQUITY,BROADER,BSE Sensex,UTI Mutual Fund,UTI BSE Sensex ETF,S&P BSE Sensex TRI,https://www.utimf.com/mutual-funds/uti-bse-sensex-etf,UTISENSETF,539312,INF789FB1X58,01-09-2015,52972,0.05,0.02,-0.08,10.22
NSE,EQUITY,BROADER,Nifty Next 50,UTI Mutual Fund,UTI Nifty Next 50 Exchange Traded Fund,Nifty Next 50 TRI,https://www.utimf.com/mutual-funds/uti-nifty-next-50-exchange-traded-fund,UTINEXT50,540669,INF789F1AUW9,08-08-2017,2120.08,0.15,0,-0.1,8.29
NSE,EQUITY,SECTORAL,BANK,UTI Mutual Fund,UTI Nifty Bank ETF,Nifty Bank TRI,https://www.utimf.com/mutual-funds/uti-nifty-bank-etf-0,UTIBANKETF,543226,INF789F1AUV1,03-09-2020,3817.83,0.17,0,0.1,5.26
NSE,EQUITY,SECTORAL,IT,UTI Mutual Fund,UTI Nifty IT ETF,NIFTY IT TRI,https://www.utimf.com/mutual-funds/uti-nifty-it-etf,NIFITETF,544102,INF789F1AZD8,01-02-2024,6.7,0.19,0,-0.23,1.85
,COMMODITIES,GOLD,,UTI Mutual Fund,UTI Gold Exchange Traded Fund - Open Ended,Domestic Price of Gold,https://www.utimf.com/mutual-funds/uti-gold-exchange-traded-fund,GOLDSHARE,590101,INF789F1AUX7,17-04-2007,2857.35,0.48,0,-1.06,18.66
,COMMODITIES,SILVER,,UTI Mutual Fund,UTI Silver Exchange Traded Fund,Domestic Price of Physical Silver,https://www.utimf.com/mutual-funds/uti-silver-exchange-traded-fund,SILVERETF,543900,INF789F1AYK6,17-01-2023,820.06,0.53,0,-1.27,2.9
,DEBT,G-Sec,,UTI Mutual Fund,UTI Nifty 10 yr Benchmark G-Sec ETF,Nifty 10 yr Benchmark G-Sec Index,https://www.utimf.com/mutual-funds/uti-nifty-10-yr-benchmark-g-sec-etf,NIF10GETF,,INF789F1AZF3,29-01-2024,22.35,0.25,0,0,1.87
,DEBT,G-Sec,,UTI Mutual Fund,UTI Nifty 5 Year Benchmark G-Sec ETF,Nifty 5 yr Benchmark G-Sec Index,https://www.utimf.com/mutual-funds/uti-nifty-5-yr-benchmark-g-sec-etf,NIF5GETF,544103,INF789F1AZE6,29-01-2024,25.06,0.21,0,-0.09,1.87
BSE,EQUITY,BROADER,BSE Sensex Next 50,UTI Mutual Fund,UTI BSE Sensex Next 50 ETF,BSE Sensex Next 30 TRI,https://www.utimf.com/mutual-funds/uti-sp-bse-sensex-next-50-exchange-traded-fund,UTISXN50,542513,INF789F1AUU3,08-03-2019,28.94,0.2,0,-0.5,6.78
NSE,EQUITY,BROADER,Nifty Midcap 150,UTI Mutual Fund,UTI Nifty Midcap 150 ETF,Nifty Midcap 150 TRI,https://www.utimf.com/mutual-funds/uti-nifty-midcap-150-exchange-traded-fund-etf,NIFMID150,543975,INF789F1AYX9,05-09-2023,11.03,0.25,0.07,-0.33,2.27
NSE,EQUITY,BROADER,Nifty 100,Zerodha Mutual Fund,Zerodha Nifty 100 ETF,Nifty 100 TRI,https://www.zerodhafundhouse.com/etfs/zerodha-nifty-100-etf-ZE100,TOP100CASE,544194,INF0R8F01067,19-06-2024,89.05,0.25,-0.15,0.03,1.42
NSE,EQUITY,BROADER,Nifty Smallcap 100,Zerodha Mutual Fund,Zerodha Nifty Smallcap 100 ETF,Nifty Smallcap 100 TRI,https://www.zerodhafundhouse.com/etfs/zerodha-smallcap-etf-ZESML,SML100CASE,,INF0R8F01141,12-09-2025,11.38,0.18,0.26,,0.21
,COMMODITIES,GOLD,,Zerodha Mutual Fund,Zerodha Gold ETF,Domestic Price of Gold,https://www.zerodhafundhouse.com/etfs/zerodha-gold-etf-ZGOLD,GOLDCASE,544132,INF0R8F01042,16-02-2024,966.76,0.3,0.38,-1.94,1.82
,COMMODITIES,SILVER,,Zerodha Mutual Fund,Zerodha Silver ETF,Domestic Price of Physical Silver,https://www.zerodhafundhouse.com/etfs/zerodha-silver-etf-ZSLVR,SILVERCASE,544384,INF0R8F01091,20-03-2025,493.91,0.33,0.89,,0.73
NSE,DEBT,LIQUID,,Zerodha Mutual Fund,Zerodha Nifty 1D Rate Liquid ETF,Nifty 1D Rate Index,https://www.zerodhafundhouse.com/etfs/zerodha-nifty-1d-rate-liquid-etf-ZLIQD,LIQUIDCASE,544089,INF0R8F01034,24-01-2024,5679.21,0.27,0.01,-0.3,1.9
,DEBT,G-Sec,,Zerodha Mutual Fund,Zerodha Nifty 8-13 Yr G-Sec ETF,Nifty 8-13 yr G-Sec Index,https://www.zerodhafundhouse.com/etfs/zerodha-nifty-8-13yr-gsec-etf-ZLTGC,LTGILTCASE,544486,INF0R8F01133,14-08-2025,31.82,0.07,0.12,,0.32
NSE,EQUITY,BROADER,Nifty Midcap 150,Zerodha Mutual Fund,Zerodha Nifty Midcap 150 ETF,Nifty Midcap 150 TRI,https://www.zerodhafundhouse.com/etfs/zerodha-nifty-midcap-150-etf-ZE150,MID150CASE,544193,INF0R8F01059,19-06-2024,149.18,0.21,0.06,0.43,1.48
NSE,EQUITY,BROADER,Nifty Midcap 150,Zerodha Mutual Fund,Zerodha Nifty Midcap 150 ETF,Nifty Midcap 150 TRI,https://www.zerodhafundhouse.com/etfs/zerodha-nifty-midcap-150-etf-ZE150,MID150CASE,,INF0R8F01059,19-06-2024,157.83,0.21,0.04,0.32,1.49
NSE,EQUITY,BROADER,Nifty 50,Zerodha Mutual Fund,Zerodha Nifty 50 ETF,Nifty 50 TRI,https://www.zerodhafundhouse.com/etfs/zerodha-nifty-50-etf-ZEN50,NIFTYCASE,,INF0R8F01166,20-10-2025,9.31,0.05,0.35,,0.15
