ASSET CLASS,CATEGORY,SUB-CATEGORY,AMC,ETF,BENCHMARK INDEX,website_link,SYMBOL,yfinance_ticker ,BSE TICKER,ISIN CODE,LAUNCH DATE,AUM(Crores),EXPENSE RATIO,OVERALL TRACKING ERROR,OVERALL TRACKING DIFFERENCE,YEARS ACTIVE
EQUITY,BROADER,BSE 100,SBI Mutual Fund,SBI BSE 100 ETF,BSE 100 TRI,https://www.sbimf.com/sbimf-scheme-details/sbi-s--p-bse-100-etf-formerly-known-as-(sbi-etf-bse-100)-418,SETFBSE100,SETFBSE100.BO,539031,INF200KA1572,42081,10.15,0.14,0.02,-0.2,10 years 11 months
EQUITY,STRATEGIC,BSE 200 Factor Indices,Mirae Asset Mutual Fund,Mirae Asset BSE 200 Equal Weight ETF,BSE 200 Equal Weight TRI,https://miraeassetetf.co.in/transact?nseSymbol=EQUAL200,EQUAL200,EQUAL200.NS,544377,INF769K01OA1,45733,14.94,0.34,0.6,-0.2,11 months
EQUITY,BROADER,BSE 500,ICICI Prudential Mutual Fund,ICICI Prudential BSE 500 ETF,BSE 500 TRI,https://www.icicietf.com/funds/equity-etf/icici-prudential-bse-500-etf,BSE500IETF,BSE500IETF.NS,541313,INF109KC1V59,43236,327.97,0.32,0.02,-0.35,7 years 9 months
EQUITY,THEMATIC,BHARAT 22,ICICI Prudential Mutual Fund,BHARAT 22 ETF,BSE Bharat 22 TRI,https://www.icicietf.com/funds/equity-etf/bharat-22-etf,ICICIB22,ICICIB22.NS,,INF109KB15Y7,43067,15028.85,0.07,0.05,0.4,8 years 3 months
EQUITY,THEMATIC,Capital Market & Insurance,Edelweiss Mutual Fund,Edelweiss BSE Capital Markets & Insurance ETF,BSE Capital Markets & Insurance TRI,https://www.edelweissmf.com/types-of-mutual-funds/index-fund/edelweiss-bse-captal-markets-insurance-etf,ECAPINSURE,ECAPINSURE.NS,,INF754K01TX4,45663,15,0.25,0.11,-0.26,1 year 1 month
EQUITY,STRATEGIC,BSE Enhanced Value,Motilal Oswal Mutual Fund,Motilal Oswal SP BSE Enhanced Value ETF,BSE Enhanced Value TRI,https://www.motilaloswalmf.com/etf,MOVALUE,MOVALUE.NS,543576,INF247L01BE5,44799,122.91,0.31,0.18,-0.74,3 years 6 months
EQUITY,SECTORAL,HEALTHCARE,Motilal Oswal Mutual Fund,Motilal Oswal S&P BSE Healthcare ETF,BSE Healthcare TRI,https://www.motilaloswalmf.com/etf/motilal-oswal-bse-healthcare-etf#Overview,MOHEALTH,MOHEALTH.NS,543563,INF247L01BB1,44777,38.1,0.23,0.07,-0.36,3 years 6 months
EQUITY,THEMATIC,India Infrastructure,Motilal Oswal Mutual Fund,Motilal Oswal BSE India Infrastructure ETF,BSE India Infrastructure TRI,https://www.motilaloswalmf.com/etf,MOINFRA,MOINFRA.NS,,INF247L01FL1,45798,1.67,0.53,2.82,1.75,9 months
DEBT,LIQUID,,DSP Mutual Fund,DSP BSE Liquid Rate ETF,BSE Liquid Rate Index,https://www.dspim.com/invest/mutual-fund-schemes/exchange-traded-funds/bse-liquid-rate-etf/dsplr-direct-growth,LIQUIDADD,LIQUIDADD.NS,,INF740KA1UM0,45378,2025.26,0.3,0.34,-0.35,1 year 11 months
DEBT,LIQUID,,ICICI Prudential Mutual Fund,ICICI Prudential BSE Liquid Rate ETF-Growth,BSE Liquid Rate Index,https://www.icicietf.com/funds/debt-etf/icici-prudential-bse-liquid-rate-growth,CASHIETF,CASHIETF.NS,,INF109K1A021,45735,726.19,0.25,0.3,-0.13,11 months
EQUITY,STRATEGIC,BSE Low Volatility,Motilal Oswal Mutual Fund,Motilal Oswal S&P BSE Low Volatility ETF,BSE Low Volatility TRI,https://www.motilaloswalmf.com/etf/motilal-oswal-bse-low-volatility-etf,MOLOWVOL,MOLOWVOL.NS,,INF247L01BL0,44650,75.49,0.37,0.13,-0.66,3 years 11 months
EQUITY,BROADER,BSE Midcap Select,ICICI Prudential Mutual Fund,ICICI Prudential BSE Midcap Select ETF,BSE Midcap Select TRI,https://digitalfactsheet.icicipruamc.com/passive/icici-prudential-bse-midcap-select-etf.php,MIDSELIETF,MIDSELIETF.NS,539980,INF109KC10W0,42562,93.18,0.15,0.07,-0.52,9 years 7 months
EQUITY,SECTORAL,POWER,Groww Mutual Fund,Groww BSE Power ETF,BSE Power TRI,https://groww.in/etf-nfo/groww-bse-power-etf,GROWWPOWER,GROWWPOWER.NS,,INF666M01LM6,45874,26.3,0.43,0,0,6 months
EQUITY,THEMATIC,PSU BANK,SBI Mutual Fund,SBI BSE PSU Bank ETF,BSE PSU BANK TRI,https://etf.sbimf.com/sbimf-scheme-details/sbi-bse-psu-bank-etf-fund-669,SBIBPB,SBIBPB.NS,,INF200KB1712,45743,813.69,0.25,0,-0.03,11 months
EQUITY,STRATEGIC,BSE Quality,Motilal Oswal Mutual Fund,Motilal Oswal BSE Quality ETF,BSE Quality TRI,https://www.nseindia.com/get-quote/equity/MOQUALITY/Motilal-Oswal-Mutual-Fund---Motilal-Oswal-S&P-BSE-Quality-ETF,MOQUALITY,MOQUALITY.NS,543577,INF247L01BH8,44799,19.27,0.31,0.16,-0.74,3 years 6 months
EQUITY,STRATEGIC,BSE Select IPO,Mirae Asset Mutual Fund,Mirae Asset BSE Select IPO,BSE Select IPO TRI,https://miraeassetetf.co.in/our-etfs/fund?nseSymbol=SELECTIPO,SELECTIPO,SELECTIPO.NS,544376,INF769K01ON4,45733,18.16,0.34,0.2,-0.56,11 months
EQUITY,BROADER,BSE SENSEX Next 30,DSP Mutual Fund,DSP BSE SENSEX Next 30 ETF,BSE Sensex Next 30 TRI,https://www.dspim.com/invest/mutual-fund-schemes/exchange-traded-funds/BSE-Sensex-Next-30-ETF/dssne-direct-growth,NEXT30ADD,NEXT30ADD.NS,544352,INF740KA1VE5,45693,39.92,0.16,0.1,-0.25,1 year 0 months
EQUITY,BROADER,BSE Sensex Next 30,Nippon India Mutual Fund,Nippon India BSE Sensex Next 30 ETF,BSE Sensex Next 30 TRI,https://etf.nipponindiaim.com/Funds/details/2028,SNXT30BEES,SNXT30BEES.NS,544415,INF204KC1EZ3,45818,4.39,0.15,0.15,,8 months
EQUITY,BROADER,BSE Sensex Next 50,UTI Mutual Fund,UTI BSE Sensex Next 50 ETF,BSE Sensex Next 30 TRI,https://www.utimf.com/mutual-funds/uti-sp-bse-sensex-next-50-exchange-traded-fund,UTISXN50,UTISXN50.NS,542513,INF789F1AUU3,43532,28.94,0.2,0,-0.5,6 years 11 months
EQUITY,BROADER,BSE Sensex Next 50,Nippon India Mutual Fund,Nippon India ETF BSE Sensex Next 50,BSE Sensex Next 50 TRI,https://mf.nipponindiaim.com/FundsAndPerformance/Pages/NipponIndia-ETF-BSE-Sensex-Next-50.aspx,SNXT50BEES,SNXT50BEES.BO,542747,INF204KB15D0,43676,84.34,0.23,0.06,-0.76,6 years 7 months
EQUITY,BROADER,BSE Sensex Next 50,SBI Mutual Fund,SBI ETF Sensex Next 50,BSE Sensex Next 50 TRI,https://www.sbimf.com/sbimf-scheme-details/sbi-bse-sensex-next-50-etf-499,SETFSN50,SETFSN50.BO,541972,INF200KA1VQ2,43368,24.28,0.12,0.04,-0.45,7 years 5 months
DEBT,GILT,,Aditya Birla Sun Life MF,Aditya Birla Sun Life CRISIL 10 Year Gilt ETF,Crisil 10 year Gilt Index,https://mutualfund.adityabirlacapital.com/products/saving-solution/aditya-birla-sun-life-crisil-10-year-gilt-etf,GSEC10ABSL,GSEC10ABSL.NS,,INF209KC1142,45523,31.73,0.2,0.54,0.38,1 year 6 months
DEBT,GILT,,Aditya Birla Sun Life MF,Aditya Birla Sun Life CRISIL Broad Based Gilt ETF,CRISIL Broad Based Gilt Index,https://mutualfund.adityabirlacapital.com/empower/passive-etfs/CRISIL-Broad-Based-Gilt-ETF.html,ABGSEC,ABGSEC.NS,,INF209KC1134,45478,44.39,0.19,0.58,0.43,1 year 7 months
DEBT,LIQUID,,Aditya Birla Sun Life MF,Aditya Birla Sun Life CRISIL Liquid Overnight ETF,CRISIL Liquid Overnight Index,https://www.nseindia.com/get-quote/equity/ABSLLIQUID/Aditya-Birla-Sun-Life-CRISIL-Liquid-Overnight-ETF,ABSLLIQUID,ABSLLIQUID.NS,,INF209KB18T9,45001,42.75,0.43,0.01,-0.47,2 years 11 months
COMMODITIES,GOLD,,360 ONE Mutual Fund,360 ONE Gold ETF,Domestic Price of Gold,https://www.360.one/asset-management/mutualfund/,GOLD360,GOLD360.NS,544375,INF579M01BB5,45733,62.39,0.43,0.69,,11 months
COMMODITIES,GOLD,,Aditya Birla Sun Life MF,Aditya Birla Sun Life Gold ETF - Growth,Domestic Price of Gold,https://mutualfund.adityabirlacapital.com/products/wealth-creation-solutions/aditya-birla-sun-life-gold-etf,BSLGOLDETF,BSLGOLDETF.NS,533408,INF209KB18D3,40676,1715.12,0.47,0.88,-1.09,14 years 9 months
COMMODITIES,GOLD,,Angel One Mutual Fund,Angel One Gold ETF,Domestic Price of Gold,https://www.angelone.in/mutual-funds/mf-schemes/angel-one-gold-etf,AONEGOLD,AONEGOLD.NS,,INF1J2R01114,45910,42.51,0,0.61,,5 months
COMMODITIES,GOLD,,Axis Mutual Fund,AXIS Gold Exchange Traded Fund,Domestic Price of Gold,https://www.axismf.com/mutual-funds/other-funds/axis-gold-etf/ag-dg/direct,AXISGOLD,AXISGOLD.NS,533570,INF846K01W80,40471,2898.98,0.56,0.24,-1.33,15 years 4 months
COMMODITIES,GOLD,,Bandhan Mutual Fund,Bandhan Gold ETF,Domestic Price of Gold,https://bandhanmutual.com/campaign/nfo/,GOLDBND,GOLDBND.NS,,INF194KB1KJ7,46003,,0,0.98,,2 months
COMMODITIES,GOLD,,Baroda BNP Paribas Mutual Fund,Baroda BNP Paribas Gold ETF,Domestic Price of Gold,https://www.barodabnpparibasmf.in/mutual-fund-schemes/etf-funds/baroda-bnp-paribas-gold-etf/regular-growth,BBNPPGOLD,BBNPPGOLD.NS,544043,INF251K01SU9,45273,241,0.59,0.39,-2.6,2 years 2 months
COMMODITIES,GOLD,,Choice Mutual Fund,Choice Gold ETF,Domestic Price of Gold,https://choicemf.com/mutual-funds/etf,CHOICEGOLD,CHOICEGOLD.NS,,INF2KCX01012,45971,84,0.51,0.84,-0.5,3 months
COMMODITIES,GOLD,,DSP Mutual Fund,DSP Gold ETF,Domestic Price of Gold,https://www.dspim.com/invest/mutual-fund-schemes/exchange-traded-funds/gold-etf/dsgle-direct-growth,GOLDETFADD,GOLDETFADD.NS,543903,INF740KA1SW3,45044,1336.42,0.45,0.33,-1.34,2 years 10 months
COMMODITIES,GOLD,,Edelweiss Mutual Fund,Edelweiss Gold ETF,Domestic Price of Gold,https://www.edelweissmf.com/types-of-mutual-funds/precious-metals-fund/edelweiss-gold-etf,EGOLD,EGOLD.NS,140518539,INF754K01SE6,45237,679.77,0.46,0.42,-2.03,2 years 3 months
COMMODITIES,GOLD,,Groww Mutual Fund,Groww Gold ETF,Domestic Price of Gold,https://groww.in/etfs/groww-gold-etf,GROWWGOLD,GROWWGOLD.NS,,INF666M01IW1,45588,233,0.51,0,,1 year 4 months
COMMODITIES,GOLD,,HDFC Mutual Fund,HDFC Gold Exchange Traded Fund,Domestic Price of Gold,https://www.hdfcfund.com/explore/mutual-funds/hdfc-gold-etf/regular,HDFCGOLD,HDFCGOLD.NS,533230,INF179KC1981,40403,15694.64,0.59,0.28,-0.95,15 years 6 months
COMMODITIES,GOLD,,ICICI Prudential Mutual Fund,ICICI Prudential Gold ETF,Domestic Price of Gold,https://www.icicietf.com/funds/commodity-etf/icici-prudential-gold-etf,GOLDIETF,GOLDIETF.NS,533244,INF109KC1NT3,40414,11966.66,0.5,0.22,-1.13,15 years 6 months
COMMODITIES,GOLD,,Invesco Mutual Fund,Invesco India Gold Exchange Tradaed Fund - Open Ended,Domestic Price of Gold,https://www.invescomutualfund.com/planPage?Title=Invesco%20India%20Gold%20Exchange%20Traded%20Fund&classification=exchange-traded-fund,IVZINGOLD,IVZINGOLD.NS,533172,INF205K01361,40249,470.49,0.55,0.26,-0.99,15 years 11 months
COMMODITIES,GOLD,,Kotak Mahindra Mutual Fund,Kotak Gold Exchange Traded Fund,Domestic Price of Gold,https://www.kotakmf.com/mutual-funds/passive-funds/kotak-gold-etf,GOLD1,GOLD1.NS,590097,INF174KA1HJ8,39302,10592.8,0.55,0.31,-1.12,18 years 6 months
COMMODITIES,GOLD,,LIC Mutual Fund,LIC MF Gold Exchange Traded Fund,Domestic Price of Gold,https://www.licmf.com/investor/licmf-gold-etf-fund-of-fund,LICMFGOLD,LICMFGOLD.NS,533719,INF397L01554,40856,858.57,0.41,0.28,-0.8,14 years 3 months
COMMODITIES,GOLD,,Mirae Asset Mutual Fund,Mirae Asset Gold ETF,Domestic Price of Gold,https://miraeassetetf.co.in/our-etfs/fund?nseSymbol=GOLDETF,GOLDETF,GOLDETF.NS,543781,INF769K01JP9,44977,1641.41,0.35,0.39,-1.17,2 years 12 months
COMMODITIES,GOLD,,Motilal Oswal Mutual Fund,Motilal Oswal Gold ETF,Domestic Price of Gold,https://www.motilaloswalmf.com/etf,MOGOLD,MOGOLD.NS,,INF247L01FY4,45866,680.54,0.56,0.47,-0.65,7 months
COMMODITIES,GOLD,,Nippon India Mutual Fund,Nippon India ETF Gold BeES,Domestic Price of Gold,https://mf.nipponindiaim.com/FundsAndPerformance/Pages/NipponIndia-ETF-Gold-BeES.aspx,GOLDBEES,GOLDBEES.NS,590095,INF204KB17I5,39160,32605.96,0.8,0.23,-1.13,18 years 11 months
COMMODITIES,GOLD,,Quantum Mutual Fund,Quantum Gold Exchange Traded Fund - Open Ended,Domestic Price of Gold,https://www.quantumamc.com/gold-funds/quantum-gold-etf-fund,QGOLDHALF,QGOLDHALF.NS,590099,INF082J01408,39500,489.79,0.56,0.23,-0.92,17 years 12 months
COMMODITIES,GOLD,,SBI Mutual Fund,SBI Gold Exchange Traded Scheme - Growth Option,Domestic Price of Gold,https://www.sbimf.com/sbimf-scheme-details/sbi-gold-etf-formerly-known-as-(sbi-etf-gold)-131,SETFGOLD,SETFGOLD.NS,590098,INF200KA16D8,39951,14141.5,0.7,0.23,-1.07,16 years 9 months
COMMODITIES,GOLD,,Tata Mutual Fund,Tata Gold Exchange Traded Fund,Domestic Price of Gold,https://www.tatamutualfund.com/mutual-funds/tata-gold-exchange-traded-fund-direct-growth,TATAGOLD,TATAGOLD.NS,590140,INF277KA1976,45308,2074.52,0.4,0.42,-2,2 years 1 month
COMMODITIES,GOLD,,Union Mutual Fund,Union Gold ETF,Domestic Price of Gold,https://www.unionmf.com/funddetail/union-gold-etf,UNIONGOLD,UNIONGOLD.NS,544363,INF582M01KS4,45709,181.96,0.54,0.85,,12 months
COMMODITIES,GOLD,,UTI Mutual Fund,UTI Gold Exchange Traded Fund - Open Ended,Domestic Price of Gold,https://www.utimf.com/mutual-funds/uti-gold-exchange-traded-fund,GOLDSHARE,GOLDSHARE.NS,590101,INF789F1AUX7,39189,2857.35,0.48,0,-1.06,18 years 10 months
COMMODITIES,GOLD,,Zerodha Mutual Fund,Zerodha Gold ETF,Domestic Price of Gold,https://www.zerodhafundhouse.com/etfs/zerodha-gold-etf-ZGOLD,GOLDCASE,GOLDCASE.NS,544132,INF0R8F01042,45338,966.76,0.3,0.38,-1.94,1 year 12 months
COMMODITIES,SILVER,,360 ONE Mutual Fund,360 ONE Silver ETF,Domestic Price of Physical Silver,https://archive.iiflmf.com/international/our-funds/etf/360-one-silver-etf,SILVER360,SILVER360.NS,544389,INF579M01BC3,45726,51.51,0.41,0.98,,11 months
COMMODITIES,SILVER,,Aditya Birla Sun Life MF,Aditya Birla Sun Life Silver ETF,Domestic Price of Physical Silver,https://mutualfund.adityabirlacapital.com/products/wealth-creation-solutions/aditya-birla-sun-life-silver-etf,SILVER,SILVER.NS,543471,INF209KB19F6,44592,1756.21,0.35,0.53,-1.12,4 years 0 months
COMMODITIES,SILVER,,Axis Mutual Fund,Axis Silver ETF,Domestic Price of Physical Silver,https://www.axismf.com/mutual-funds/etfs/axis-silver-etf/sf-gp,AXISILVER,AXISILVER.NS,,INF846K011K1,44806,720.88,0.37,0.58,-1.28,3 years 5 months
COMMODITIES,SILVER,,Bandhan Mutual Fund,Bandhan Silver ETF,Domestic Price of Physical Silver,https://bandhanmutual.com/campaign/nfo/,SILVERBND,SILVERBND.NS,,INF194KB1KI9,46003,,0,2.45,,2 months
COMMODITIES,SILVER,,DSP Mutual Fund,DSP Silver ETF,Domestic Price of Physical Silver,https://www.dspim.com/invest/mutual-fund-schemes/exchange-traded-funds/silver-etf/dslvr-direct-growth,SILVERADD,SILVERADD.NS,543572,INF740KA1RE3,44792,1374.63,0.4,0.59,-1.61,3 years 6 months
COMMODITIES,SILVER,,Edelweiss Mutual Fund,Edelweiss Silver ETF,Domestic Price of Physical Silver,https://www.edelweissmf.com/types-of-mutual-funds/precious-metals-fund/edelweiss-silver-etf,ESILVER,ESILVER.NS,140518548,INF754K01SF3,45251,567.57,0.46,0.62,-2.34,2 years 3 months
COMMODITIES,SILVER,,Groww Mutual Fund,Groww Silver ETF,Domestic Price of Physical Silver,https://groww.in/etfs/groww-silver-etf,GROWWSLVR,GROWWSLVR.NS,,INF666M01LA1,45798,164.16,0.43,0,,9 months
COMMODITIES,SILVER,,HDFC Mutual Fund,HDFC Silver ETF,Domestic Price of Physical Silver,https://www.hdfcfund.com/explore/mutual-funds/hdfc-silver-etf/regular,HDFCSILVER,HDFCSILVER.NS,543592,INF179KC1DI2,44806,3757.1,0.45,0.57,-2.26,3 years 5 months
COMMODITIES,SILVER,,ICICI Prudential Mutual Fund,ICICI Prudential Silver ETF,Domestic Price of Physical Silver,https://www.icicietf.com/funds/commodity-etf/icici-prudential-silver-etf,SILVERIETF,SILVERIETF.NS,543452,INF109KC1Y56,44585,9445.03,0.4,0.52,-1.35,4 years 1 month
COMMODITIES,SILVER,,Kotak Mahindra Mutual Fund,Kotak Silver ETF,Domestic Price of Physical Silver,https://www.kotakmf.com/mutual-funds/passive-funds/kotak-silver-etf,SILVER1,SILVER1.NS,140518043,INF174KA1KU9,44904,2305.14,0.45,0.57,-1.32,3 years 2 months
COMMODITIES,SILVER,,Mirae Asset Mutual Fund,Mirae Asset Silver ETF,Domestic Price of Physical Silver,https://miraeassetetf.co.in/our-etfs/fund?nseSymbol=SILVRETF,SILVERAG,SILVERAG.NS,543922,INF769K01KG6,45086,460.88,0.34,0.63,-1.29,2 years 8 months
COMMODITIES,SILVER,,Motilal Oswal Mutual Fund,Motilal Oswal Silver ETF,Domestic Price of Physical Silver,https://www.motilaloswalmf.com/etf,MOSILVER,MOSILVER.NS,,INF247L01FZ1,45880,232.72,0.55,1.18,-0.83,6 months
COMMODITIES,SILVER,,Nippon India Mutual Fund,Nippon India Silver ETF,Domestic Price of Physical Silver,https://etf.nipponindiaim.com/Funds/details/2025,SILVERBEES,SILVERBEES.NS,590145,INF204KC1402,44599,17525.28,0.56,0.58,-1.31,4 years 0 months
COMMODITIES,SILVER,,SBI Mutual Fund,SBI Silver ETF,Domestic Price of Physical Silver,https://www.sbimf.com/sbimf-scheme-details/sbi-silver-etf-652,SBISILVER,SBISILVER.NS,544206,INF200KB1217,45476,2330.68,0.4,0.63,-2,1 year 7 months
COMMODITIES,SILVER,,Tata Mutual Fund,Tata Silver Exchange Traded Fund,Domestic Price of Physical Silver,https://www.tatamutualfund.com/mutual-funds/tata-silver-exchange-traded-fund-direct-growth,TATSILV,TATSILV.NS,140518585,INF277KA1984,45334,1189.44,0.44,0.7,-2.21,2 years 0 months
COMMODITIES,SILVER,,UTI Mutual Fund,UTI Silver Exchange Traded Fund,Domestic Price of Physical Silver,https://www.utimf.com/mutual-funds/uti-silver-exchange-traded-fund,SILVERETF,SILVERETF.NS,543900,INF789F1AYK6,44943,820.06,0.53,0,-1.27,3 years 1 month
COMMODITIES,SILVER,,Zerodha Mutual Fund,Zerodha Silver ETF,Domestic Price of Physical Silver,https://www.zerodhafundhouse.com/etfs/zerodha-silver-etf-ZSLVR,SILVERCASE,SILVERCASE.NS,544384,INF0R8F01091,45736,493.91,0.33,0.89,,11 months
GLOBAL EQUITY,Hang Seng,,Mirae Asset Mutual Fund,Mirae Asset Hang Seng TECH ETF,Hang Seng Tech TRI,https://miraeassetetf.co.in/our-etfs/fund?nseSymbol=MAHKTECH,MAHKTECH,MAHKTECH.NS,543414,INF769K01HS7,44536,437.82,0.55,0.12,-0.76,4 years 2 months
GLOBAL EQUITY,Hang Seng,,Nippon India Mutual Fund,Nippon India ETF Hang Seng BeES,Hang Seng TRI,https://mf.nipponindiaim.com/FundsAndPerformance/Pages/NipponIndia-ETF-Hang-Seng-BeES.aspx,HNGSNGBEES,HNGSNGBEES.NS,590113,INF204KB19I1,40246,1017.67,0.93,0.13,-1.05,15 years 11 months
EQUITY,MSCI,,DSP Mutual Fund,DSP MSCI India ETF,MSCI India TRI,https://www.dspim.com/invest/mutual-fund-schemes/exchange-traded-funds/DSPMSCIIndiaETF/dmsci-direct-growth,MSCIADD,MSCIADD.NS,,INF740KA1WV7,45986,6.55,0.39,0.38,,3 months
EQUITY,MSCI,,Kotak Mahindra Mutual Fund,Kotak MSCI India ETF,MSCI India TRI,https://www.kotakmf.com/mutual-funds/passive-funds/kotak-msci-india-etf,MSCIINDIA,MSCIINDIA.NS,,INF174KA1VD2,45707,870,0.4,0.09,-0.34,12 months
GLOBAL EQUITY,NASDAQ,,Motilal Oswal Mutual Fund,Motilal Oswal NASDAQ 100 ETF - Growth Option,NASDAQ 100 TRI,https://www.motilaloswalmf.com/etf/motilal-oswal-nasdaq-100-etf,MON100,MON100.NS,533385,INF247L01AP3,40631,11240.99,0.58,0.06,-1.5,14 years 11 months
GLOBAL EQUITY,NASDAQ,,Motilal Oswal Mutual Fund,Motilal Oswal Nasdaq Q 50 ETF,NASDAQ Q50 TRI,https://www.motilaloswalmf.com/etf/motilal-oswal-nasdaq-q-50-etf,MONQ50,MONQ50.NS,543437,INF247L01AU3,44553,123.14,0.45,0.71,-0.98,4 years 2 months
DEBT,G-Sec,,ICICI Prudential Mutual Fund,ICICI Prudential Nifty 10 yr Benchmark G-Sec ETF,Nifty 10 yr Benchmark G-Sec Index,https://www.icicietf.com/funds/debt-etf/icici-prudential-nifty-10-yr-benchmark-g-sec-etf,GSEC10IETF,GSEC10IETF.NS,,INF109KC18O0,44908,578.31,0.14,0.09,-0.36,3 years 2 months
DEBT,G-Sec,,SBI Mutual Fund,SBI ETF 10 YEAR GILT,Nifty 10 yr Benchmark G-Sec Index,https://www.sbimf.com/sbimf-scheme-details/sbi-nifty-10-yr-benchmark-g-sec-etf-formerly-known-as-(sbi-etf-10-year-gilt)-455,SETF10GILT,SETF10GILT.NS,,INF200KA1JT1,42538,3289.43,0.14,0.03,-0.08,9 years 8 months
DEBT,G-Sec,,UTI Mutual Fund,UTI Nifty 10 yr Benchmark G-Sec ETF,Nifty 10 yr Benchmark G-Sec Index,https://www.utimf.com/mutual-funds/uti-nifty-10-yr-benchmark-g-sec-etf,NIF10GETF,NIF10GETF.NS,,INF789F1AZF3,45320,22.35,0.25,0,0,2 years 1 month
EQUITY,STRATEGIC,Nifty 100 Factor Indices,Kotak Mahindra Mutual Fund,Kotak Nifty 100 Equal Weight ETF,Nifty 100 Equal Weight TRI,https://www.kotakmf.com/factsheet/october_2025/kotak/KOTAK-Nifty-100-Equal-Weight-ETF.html,NIFTY100EW,NIFTY100EW.NS,,INF174KA1UW4,45720,2.88,0.25,0.15,-0.57,11 months
EQUITY,THEMATIC,ESG SECTOR LEADERS,Mirae Asset Mutual Fund,MIRAE ASSET Nifty 100 ESG SECTOR LEADERS ETF,Nifty 100 ESG Sector Leaders TRI,https://miraeassetetf.co.in/our-etfs/fund?nseSymbol=ESG,ESG,ESG.NS,543246,INF769K01GS9,44152,117.37,0.1,0.06,-0.78,5 years 3 months
EQUITY,STRATEGIC,Nifty 100 Factor Indices,HDFC Mutual Fund,HDFC Nifty100 Low Volatility 30 ETF,Nifty 100 Low Volatility 30 TRI,https://www.hdfcfund.com/explore/mutual-funds/hdfc-nifty100-low-volatility-30-etf/regular,HDFCLOWVOL,HDFCLOWVOL.NS,543627,INF179KC1HU8,44851,13.87,0.3,0.03,-0.53,3 years 4 months
EQUITY,STRATEGIC,Nifty 100 Factor Indices,ICICI Prudential Mutual Fund,ICICI Prudential Nifty 100 Low Volatility 30 ETF,Nifty 100 Low Volatility 30 TRI,chrome-extension://efaidnbmnnnibpcajpcglclefindmkaj/https://digitalfactsheet.icicipruamc.com/passive/pdf/icici-prudential-nifty-100-low-volatility-30-etf.pdf,LOWVOLIETF,LOWVOLIETF.NS,540612,INF109KC19U5,42926,3809.13,0.41,0.05,-0.44,8 years 7 months
EQUITY,STRATEGIC,Nifty 100 Factor Indices,Kotak Mahindra Mutual Fund,Kotak Nifty 100 Low Volatility 30 ETF,Nifty 100 Low Volatility 30 TRI,https://www.kotakmf.com/factsheet/June_2025/kotak/KOTAK-NIFTY-100-LOW-VOLATILITY-30-ETF.html,LOWVOL1,LOWVOL1.NS,,INF174KA1IY5,44649,170.53,0.09,0.04,-0.24,3 years 11 months
EQUITY,STRATEGIC,Nifty 100 Factor Indices,Mirae Asset Mutual Fund,Mirae Asset Nifty 100 Low Volatility 30 ETF,Nifty 100 Low Volatility 30 TRI,https://miraeassetetf.co.in/our-etfs/fund?nseSymbol=LOWVOL,LOWVOL,LOWVOL.NS,543858,INF769K01JU9,45016,49.79,0.34,0.05,-0.46,2 years 11 months
EQUITY,STRATEGIC,Nifty 100 Factor Indices,HDFC Mutual Fund,HDFC Nifty100 Quality 30 ETF,Nifty 100 Quality 30 TRI,https://www.hdfcfund.com/explore/mutual-funds/hdfc-nifty-100-quality-30-etf/regular,HDFCQUAL,HDFCQUAL.NS,543605,INF179KC1DL6,44833,22.55,0.3,0.08,-0.27,3 years 5 months
EQUITY,BROADER,Nifty 100,HDFC Mutual Fund,HDFC Nifty 100 ETF,Nifty 100 TRI,https://www.hdfcfund.com/explore/mutual-funds/hdfc-nifty-100-exchange-traded-fund/regular,HDFCNIF100,HDFCNIF100.NS,543569,INF179KC1HR4,44784,38.97,0.3,0.02,-0.4,3 years 6 months
EQUITY,BROADER,Nifty 100,ICICI Prudential Mutual Fund,ICICI Prudential Nifty 100 ETF,Nifty 100 TRI,https://digitalfactsheet.icicipruamc.com/passive/icici-prudential-nifty-100-etf.php,NIF100IETF,NIF100IETF.NS,537008,INF109KC16V9,42608,154.02,0.48,0.02,-0.4,9 years 6 months
EQUITY,BROADER,Nifty 100,LIC Mutual Fund,LIC MF Exchange Traded Fund - Nifty 100,Nifty 100 TRI,https://www.licmf.com/snapshot/lic-mf-etf-nifty-100/LIC177,LICNFNHGP,LICNFNHGP.NS,539784,INF767K01PC8,42457,769.66,0.28,0.08,-0.38,9 years 11 months
EQUITY,BROADER,Nifty 100,Motilal Oswal Mutual Fund,Motilal Oswal Nifty 100 ETF,Nifty 100 TRI,https://www.motilaloswalmf.com/etf/motilal-oswal-nifty-100-etf,MONIFTY100,MONIFTY100.NS,,INF247L01GG9,45943,,0.5,0.07,-0.19,4 months
EQUITY,BROADER,Nifty 100,Nippon India Mutual Fund,Nippon India ETF Nifty 100,Nifty 100 TRI,https://etf.nipponindiaim.com/Funds/details/2,NIF100BEES,NIF100BEES.NS,537483,INF204K014N5,41355,318.6,0.5,0.03,-0.92,12 years 11 months
EQUITY,BROADER,Nifty 100,Zerodha Mutual Fund,Zerodha Nifty 100 ETF,Nifty 100 TRI,https://www.zerodhafundhouse.com/etfs/zerodha-nifty-100-etf-ZE100,TOP100CASE,TOP100CASE.NS,544194,INF0R8F01067,45462,89.05,0.25,-0.15,0.03,1 year 8 months
DEBT,LIQUID,,Angel One Mutual Fund,Angel One Nifty 1D Rate Liquid ETF,Nifty 1D Rate Index,https://www.angelone.in/mutual-funds/mf-schemes/angel-one-nifty-1d-rate-liquid-etf-direct-plan,AONELIQUID,AONELIQUID.NS,,INF1J2R01056,45744,230.34,0.27,0.04,,11 months
DEBT,LIQUID,,Bajaj Finserv Mutual Fund,Bajaj Finserv Nifty 1D Rate Liquid ETF Growth,Nifty 1D Rate Index,https://www.bajajfinserv.in/investments/bajaj-finserv-nifty-1d-rate-liquid-etf,LIQUIDBETF,LIQUIDBETF.NS,544182,INF0QA701854,45425,456.95,0.19,0.1,-0.36,1 year 9 months
DEBT,LIQUID,,DSP Mutual Fund,DSP Nifty 1D Rate Liquid ETF,Nifty 1D Rate Index,https://www.dspim.com/invest/mutual-fund-schemes/exchange-traded-funds/nifty-1d-rate-liquid-etf/dsple-direct-daily-idcw,LIQUIDETF,LIQUIDETF.NS,541097,INF740KA1EU7,43173,361.19,0.3,0.34,-0.35,7 years 11 months
DEBT,LIQUID,,Edelweiss Mutual Fund,Edelweiss Nifty 1D Rate Liquid ETF,Nifty 1D Rate Index,https://www.edelweissmf.com/types-of-mutual-funds/index-fund/edelweiss-nifty-1d-liquid-etf,ELIQUID,ELIQUID.NS,,INF754K01VW2,45940,100.56,0.2,0.2,0.04,4 months
DEBT,LIQUID,,Groww Mutual Fund,Groww Nifty 1D Rate Liquid ETF,Nifty 1D Rate Index,https://www.growwmf.in/mutual-funds/groww-nifty-d-rate-liquid-etf,GROWWLIQID,GROWWLIQID.NS,,INF666M01IP5,45561,100.16,0.29,0,5.64,1 year 5 months
DEBT,LIQUID,,HDFC Mutual Fund,HDFC Nifty 1D Rate Liquid ETF Growth,Nifty 1D Rate Index,https://www.hdfcfund.com/explore/mutual-funds/hdfc-nifty-1d-rate-liquid-etf-growth/regular,HDFCLIQUID,HDFCLIQUID.NS,543973,INF179KC1JG3,45169,67.76,0.45,0.03,-0.91,2 years 6 months
DEBT,LIQUID,,Kotak Mahindra Mutual Fund,Kotak Nifty 1D Rate Liquid,Nifty 1D Rate Index,https://www.kotakmf.com/mutual-funds/passive-funds/kotak-nifty-1d-rate-liquid-etf,LIQUID1,LIQUID1.NS,,INF174KA1LV5,44958,1497.34,0.19,0.01,-0.26,3 years 0 months
DEBT,LIQUID,,Mirae Asset Mutual Fund,Mirae Asset Nifty 1D Rate Liquid ETF,Nifty 1D Rate Index,https://www.miraeassetmf.co.in/mutual-fund-scheme/nav-archive/mirae-asset-nifty-1d-rate-liquid-etf,LIQUID,LIQUID.NS,543946,INF769K01KS1,45138,508.88,0.26,0.04,-0.18,2 years 7 months
DEBT,LIQUID,,Mirae Asset Mutual Fund,Mirae Asset Nifty 1D Rate Liquid ETF Growth,Nifty 1D Rate Index,https://miraeassetetf.co.in/our-etfs/fund?nseSymbol=LIQUIDPLUS,LIQUIDPLUS,LIQUIDPLUS.NS,544284,INF769K01MY5,45609,285.35,0.15,0.22,-0.11,1 year 3 months
DEBT,LIQUID,,Nippon India Mutual Fund,Nippon India ETF Nifty 1D Rate Liquid BeES,Nifty 1D Rate Index,https://mf.nipponindiaim.com/FundsAndPerformance/Pages/NipponIndia-ETF-Nifty-1D-Rate-Liquid-BeES.aspx,LIQUIDBEES,LIQUIDBEES.NS,590096,INF732E01037,37696,11473.73,0.69,0.03,,22 years 11 months
DEBT,LIQUID,,Nippon India Mutual Fund,Nippon India Nifty 1D Rate Liquid ETF Growth,Nifty 1D Rate Index,https://mf.nipponindiaim.com/FundsAndPerformance/Pages/NipponIndia-Nifty-1D-Rate-Liquid-ETF-Growth.aspx,LIQGRWBEES,LIQGRWBEES.NS,,INF204KC1FU1,45863,85.17,0.49,0.04,,7 months
DEBT,LIQUID,,SBI Mutual Fund,SBI Nifty 1D Rate Liquid ETF Growth,Nifty 1D Rate Index,https://www.sbimf.com/sbimf-scheme-details/sbi-nifty-1d-rate-liquid-etf---growth-677,SBILIQETF,SBILIQETF.NS,544478,INF200KB1969,45882,28.53,0.2,0.09,-0.07,6 months
DEBT,LIQUID,,Shriram Mutual Fund,Shriram Nifty 1D Rate Liquid ETF,Nifty 1D Rate Index,https://www.shriramamc.in/mutual-funds/snifty1detf,LIQUIDSHRI,LIQUIDSHRI.NS,544208,INF680P01422,45482,46.11,0.42,0.01,-0.41,1 year 7 months
DEBT,LIQUID,,Zerodha Mutual Fund,Zerodha Nifty 1D Rate Liquid ETF,Nifty 1D Rate Index,https://www.zerodhafundhouse.com/etfs/zerodha-nifty-1d-rate-liquid-etf-ZLIQD,LIQUIDCASE,LIQUIDCASE.NS,544089,INF0R8F01034,45315,5679.21,0.27,0.01,-0.3,2 years 1 month
EQUITY,STRATEGIC,Nifty 200 Factor Indices,Mirae Asset Mutual Fund,Mirae Asset Nifty 200 Alpha 30 ETF,Nifty 200 Alpha 30 TRI,chrome-extension://efaidnbmnnnibpcajpcglclefindmkaj/https://www.miraeassetmf.co.in/docs/default-source/product-presentations/nifty-200-alpha-30-etf-ppt.pdf,ALPHAETF,ALPHAETF.NS,,INF769K01KU7,45226,432,0.47,0.25,-0.88,2 years 4 months
EQUITY,STRATEGIC,Nifty 200 Factor Indices,Aditya Birla Sun Life MF,Aditya Birla Sun Life Nifty 200 Momentum 30 ETF,Nifty 200 Momentum 30 TRI,https://mutualfund.adityabirlacapital.com/products/wealth-creation-solutions/aditya-birla-sun-life-nifty-200-momentum-30-etf,MOMENTUM,MOMENTUM.NS,543575,INF209KB14K7,44792,46.55,0.29,0.26,-0.5,3 years 6 months
EQUITY,STRATEGIC,Nifty 200 Factor Indices,HDFC Mutual Fund,HDFC Nifty200 Momentum 30 ETF,Nifty 200 Momentum 30 TRI,https://www.hdfcfund.com/explore/mutual-funds/hdfc-nifty200-momentum-30-etf/regular,HDFCMOMENT,HDFCMOMENT.NS,543628,INF179KC1HV6,44851,98.75,0.3,0.16,-0.66,3 years 4 months
EQUITY,STRATEGIC,Nifty 200 Factor Indices,ICICI Prudential Mutual Fund,ICICI Prudential Nifty 200 Momentum 30 ETF,Nifty 200 Momentum 30 TRI,chrome-extension://efaidnbmnnnibpcajpcglclefindmkaj/https://digitalfactsheet.icicipruamc.com/passive/pdf/icici-prudential-nifty-200-momentum-30-etf.pdf,MOM30IETF,MOM30IETF.NS,543568,INF109KC17C7,44783,615.4,0.3,0.24,-0.41,3 years 6 months
EQUITY,STRATEGIC,Nifty 200 Factor Indices,Kotak Mahindra Mutual Fund,Kotak Nifty 200 Momentum 30 ETF,Nifty 200 Momentum 30 TRI,https://www.kotakmf.com/mutual-funds/passive-funds/kotak-nifty-200-momentum-30-etf,MOMENTUM30,MOMENTUM30.NS,,INF174KA1XS6,45947,5.23,0.24,0.44,-2.62,4 months
EQUITY,STRATEGIC,Nifty 200 Factor Indices,Motilal Oswal Mutual Fund,Motilal Oswal Nifty 200 Momentum 30 ETF,Nifty 200 Momentum 30 TRI,https://www.motilaloswalmf.com/etf/motilal-oswal-nifty-200-momentum-30-etf,MOMOMENTUM,MOMOMENTUM.NS,543465,INF247L01BK2,44609,133.57,0.3,0.33,-0.59,3 years 12 months
EQUITY,STRATEGIC,Nifty 200 Factor Indices,Aditya Birla Sun Life MF,Aditya Birla Sun Life Nifty 200 Quality 30 ETF,Nifty 200 Quality 30 TRI,https://mutualfund.adityabirlacapital.com/products/wealth-creation-solutions/aditya-birla-sun-life-nifty-200-quality-30-etf,NIFTYQLITY,NIFTYQLITY.NS,543574,INF209KB15K4,44792,28.89,0.29,0.07,-0.38,3 years 6 months
EQUITY,STRATEGIC,Nifty 200 Factor Indices,ICICI Prudential Mutual Fund,ICICI Prudential Nifty 200 Quality 30 ETF,Nifty 200 Quality 30 TRI,https://www.icicietf.com/funds/equity-etf/icici-prudential-nifty-200-quality-30-etf,QUAL30IETF,QUAL30IETF.NS,,INF109KC18V5,45148,175,0.3,0.05,-0.46,2 years 6 months
EQUITY,STRATEGIC,Nifty 200 Factor Indices,Kotak Mahindra Mutual Fund,Kotak Nifty 200 Quality 30 ETF,Nifty 200 Quality 30 TRI,https://www.kotakmf.com/mutual-funds/passive-funds/kotak-nifty200-quality-30-etf,QUALITY30,QUALITY30.NS,,INF174KA1WT6,45856,0.01,0.25,0.05,-0.26,7 months
EQUITY,STRATEGIC,Nifty 200 Factor Indices,SBI Mutual Fund,SBI Nifty 200 Quality 30 ETF,Nifty 200 Quality 30 TRI,https://www.sbimf.com/sbimf-scheme-details/sbi-nifty-200-quality-30-etf-formerly-known-as-(sbi-etf-quality)-507,SBIETFQLTY,SBIETFQLTY.NS,,INF200KA1WX6,43451,76.58,0.3,0.06,-0.64,7 years 2 months
EQUITY,BROADER,Nifty 200,Groww Mutual Fund,Groww Nifty 200 ETF,Nifty 200 TRI,https://groww.in/etfs/groww-nifty-etf,GROWWN200,GROWWN200.NS,,INF666M01JV1,45716,0.12,0.35,0,,12 months
EQUITY,STRATEGIC,Nifty 200 Factor Indices,ICICI Prudential Mutual Fund,ICICI Prudential Nifty200 Value 30 ETF,Nifty 200 Value 30 TRI,https://www.icicietf.com/funds/equity-etf/icici-prudential-nifty200-value-30-etf,VAL30IETF,VAL30IETF.NS,,INF109KC16X5,45587,14.87,0.3,0.09,-0.41,1 year 4 months
DEBT,G-Sec,,ICICI Prudential Mutual Fund,ICICI Prudential Nifty 5 Yr Benchmark G-SEC ETF,Nifty 5 yr Benchmark G-Sec Index,https://www.icicietf.com/funds/debt-etf/icici-prudential-nifty-5-year-g-sec-etf,GSEC5IETF,GSEC5IETF.NS,543480,INF109KC14A8,44627,17.45,0.2,0.23,-0.1,3 years 11 months
DEBT,G-Sec,,Nippon India Mutual Fund,Nippon India ETF Nifty 5 yr Benchmark GSec,Nifty 5 yr Benchmark G-Sec Index,https://mf.nipponindiaim.com/FundsAndPerformance/Pages/NipponIndia-ETF-Nifty-5-yr-Benchmark-G-Sec.aspx,GILT5YBEES,GILT5YBEES.NS,,INF204KC1030,44291,263.07,0.09,0.14,-0.03,4 years 10 months
DEBT,G-Sec,,UTI Mutual Fund,UTI Nifty 5 Year Benchmark G-Sec ETF,Nifty 5 yr Benchmark G-Sec Index,https://www.utimf.com/mutual-funds/uti-nifty-5-yr-benchmark-g-sec-etf,NIF5GETF,NIF5GETF.NS,544103,INF789F1AZE6,45320,25.06,0.21,0,-0.09,2 years 1 month
DEBT,G-Sec,,Motilal Oswal Mutual Fund,Motilal Oswal 5 Year G Sec ETF,Nifty 5 yr G-Sec TRI,https://www.motilaloswalmf.com/etf/motilal-oswal-nifty-5-yr-benchmark-g-sec-etf,MOGSEC,MOGSEC.NS,543250,INF247L01AK4,44175,140.31,0.24,0.14,-0.37,5 years 2 months
EQUITY,STRATEGIC,Nifty 50 Factor Indices,DSP Mutual Fund,DSP Nifty 50 Equal Weight ETF,Nifty 50 Equal Weight TRI,https://www.dspim.com/invest/mutual-fund-schemes/exchange-traded-funds/nifty-50-equal-weight/dnew-direct-daily-idcw,EQUAL50ADD,EQUAL50ADD.NS,543388,INF740KA1QK2,44508,609.68,0.2,0.03,-0.37,4 years 3 months
EQUITY,STRATEGIC,Nifty 50 Factor Indices,Mirae Asset Mutual Fund,Mirae Asset Nifty 50 Equal Weight ETF,Nifty 50 Equal Weight TRI,https://miraeassetetf.co.in/our-etfs/fund?nseSymbol=EQUAL50,EQUAL50,EQUAL50.NS,544401,INF769K01OO2,45792,92.28,0.11,0.21,-0.21,9 months
EQUITY,STRATEGIC,Nifty 50 Factor Indices,Motilal Oswal Mutual Fund,Motilal Oswal Nifty 50 Equal Weight ETF,Nifty 50 Equal Weight TRI,https://www.motilaloswalmf.com/etf/motilal-oswal-nifty-50-etf,MON50EQUAL,MON50EQUAL.NS,,INF247L01FC0,45784,52.38,0.16,0.05,0.07,9 months
EQUITY,STRATEGIC,Nifty 50 Factor Indices,SBI Mutual Fund,SBI Nifty 50 Equal Weight ETF,Nifty 50 Equal Weight TRI,https://etf.sbimf.com/sbimf-scheme-details/sbi-nifty-50-etf-433,SBINEQWETF,SBINEQWETF.NS,544215,INF200KB1282,45496,28.83,0.3,0.04,-0.42,1 year 7 months
EQUITY,THEMATIC,Nifty 50 shariah,Nippon India Mutual Fund,Nippon India ETF Nifty 50 Shariah BeES,Nifty 50 Shariah TRI,https://mf.nipponindiaim.com/FundsAndPerformance/Pages/NipponIndia-ETF-Nifty-50-Shariah-BeES.aspx,SHARIABEES,SHARIABEES.NS,,INF732E01128,39890,54.62,0.96,0.1,-1.17,16 years 11 months
EQUITY,BROADER,Nifty 50,Aditya Birla Sun Life MF,Aditya Birla Sun Life Nifty 50 ETF,Nifty 50 TRI,https://mutualfund.adityabirlacapital.com/products/wealth-creation-solutions/aditya-birla-sun-life-nifty-50-etf,BSLNIFTY,BSLNIFTY.NS,543474,INF209KB19DI,40746,2988,0.04,0.03,-0.17,14 years 7 months
EQUITY,BROADER,Nifty 50,Angel One Mutual Fund,Angel One Nifty 50 ETF,Nifty 50 TRI,https://www.angelone.in/mutual-funds/mf-schemes/angel-one-nifty-50-etf-direct-plan,AONENIFTY,AONENIFTY.NS,,INF1J2R01064,45805,13.42,0.09,0.06,,9 months
EQUITY,BROADER,Nifty 50,Axis Mutual Fund,Axis Nifty 50 ETF,Nifty 50 TRI,https://www.axismf.com/mutual-funds/etfs/axis-nifty-50-etf/ne-gp,AXISNIFTY,AXISNIFTY.NS,,INF846K01W98,42919,1101,0.04,0.03,0.02,8 years 7 months
EQUITY,BROADER,Nifty 50,Bajaj Finserv Mutual Fund,Bajaj Finserv Nifty 50 ETF,Nifty 50 TRI,https://www.bajajamc.com/mutual-funds/etf/bajaj-finserv-nifty-50-etf,NIFTYBETF,NIFTYBETF.NS,,INF0QA701722,45320,197.72,0.07,0.04,-0.08,2 years 1 month
EQUITY,BROADER,Nifty 50,Bandhan Mutual Fund,Bandhan Nifty 50 ETF,Nifty 50 TRI,https://hubmobile.bandhanamc.com/etf/,IDFNIFTYET,IDFNIFTYET.NS,,INF194KA1U07,42650,21,0.09,0.03,-0.24,9 years 4 months
EQUITY,BROADER,Nifty 50,DSP Mutual Fund,DSP Nifty 50 ETF,Nifty 50 TRI,https://www.dspim.com/invest/mutual-fund-schemes/exchange-traded-funds/nifty-50/dnyet-direct-growth#schemeFundDetails,NIFTY50ADD,NIFTY50ADD.NS,543440,INF740KA1CL0,44560,160,0.07,0.02,-0.01,4 years 2 months
EQUITY,BROADER,Nifty 50,Edelweiss Mutual Fund,Edelweiss Nifty 50 ETF,Nifty 50 TRI,https://www.morningstar.in/mutualfunds/f00001syia/Edelweiss-Nifty-50-ETF/detailed-portfolio.aspx,ENIFTY,ENIFTY.NS,,INF754K01VX0,45988,,0.06,0.17,,3 months
EQUITY,BROADER,Nifty 50,Groww Mutual Fund,Groww Nifty 50 ETF,Nifty 50 TRI,https://www.growwmf.in/downloads/sid,GROWWNIFTY,GROWWNIFTY.NS,,INF666M01LL8,45860,12,0.16,0,,7 months
EQUITY,BROADER,Nifty 50,HDFC Mutual Fund,HDFC Nifty 50 ETF,Nifty 50 TRI,https://www.hdfcfund.com/explore/mutual-funds/hdfc-nifty-50-exchange-traded-fund/regular,HDFCNIFTY,HDFCNIFTY.NS,539516,INF179KC1965,42354,4721,0.05,0.02,-0.13,10 years 2 months
EQUITY,BROADER,Nifty 50,ICICI Prudential Mutual Fund,ICICI Prudential Nifty 50 ETF,Nifty 50 TRI,https://www.icicietf.com/funds/equity-etf/icici-prudential-nifty-50-etf,NIFTYIETF,NIFTYIETF.NS,537007,INF109K012R6,41353,32453,0.02,0.02,-0.13,12 years 11 months
EQUITY,BROADER,Nifty 50,Invesco Mutual Fund,Invesco India Nifty 50 ETF,Nifty 50 TRI,https://www.invescomutualfund.com/planPage?Title=Invesco%20India%20Nifty%2050%20Exchange%20Traded%20Fund&classification=exchange-traded-fund,IVZINNIFTY,IVZINNIFTY.NS,,INF205K01DA9,40711,99.2,0.1,0.03,-0.31,14 years 8 months
EQUITY,BROADER,Nifty 50,Kotak Mahindra Mutual Fund,Kotak Mahindra Nifty 50 ETF,Nifty 50 TRI,https://www.kotakmf.com/mutual-funds/passive-funds/kotak-nifty-50-etf,NIFTY1,NIFTY1.NS,,INF174K014P6,40220,3140,0.03,0.02,-0.05,16 years 0 months
EQUITY,BROADER,Nifty 50,LIC Mutual Fund,LIC Nifty 50 ETF,Nifty 50 TRI,https://www.licmf.com/snapshot/lic-mf-etf-nifty-50/LIC175,LICNETFN50,LICNETFN50.NS,,INF767K01OS7,42338,863,0.06,0.06,-0.18,10 years 3 months
EQUITY,BROADER,Nifty 50,Mirae Asset Mutual Fund,Mirae Asset Nifty 50 ETF,Nifty 50 TRI,https://www.miraeassetmf.co.in/mutual-fund-scheme/etf/mirae-asset-nifty-50-etf,NIFTYETF,NIFTYETF.NS,,INF769K01EG9,43430,4489,0.04,0.02,-0.12,7 years 3 months
EQUITY,BROADER,Nifty 50,Motilal Oswal Mutual Fund,Motilal Oswal Nifty 50 ETF,Nifty 50 TRI,https://www.motilaloswalmf.com/etf/motilal-oswal-nifty-50-etf#Overview,MOM50,MOM50.NS,,INF247L01536,40389,59,0.05,0.02,-1.17,15 years 7 months
EQUITY,BROADER,Nifty 50,Nippon India Mutual Fund,Nippon India ETF Nifty 50 BeES,Nifty 50 TRI,https://etf.nipponindiaim.com/Funds/details/14,NIFTYBEES,NIFTYBEES.NS,,INF204KB14I2,37295,50974.75,0.04,0.02,-0.35,24 years 0 months
EQUITY,BROADER,Nifty 50,Quantum Mutual Fund,Quantum Nifty 50 ETF,Nifty 50 TRI,https://www.quantumamc.com/equity-funds/quantum-nifty-etf-fund,QNIFTY,QNIFTY.NS,,INF082J01028,39647,77,0.09,0.05,-0.07,17 years 7 months
EQUITY,BROADER,Nifty 50,SBI Mutual Fund,SBI Nifty 50 ETF,Nifty 50 TRI,https://www.sbimf.com/sbimf-scheme-details/sbi-nifty-50-etf-433,SETFNIF50,SETFNIF50.NS,,INF200KA1FS1,42212,217587.37,0.04,0.01,-0.08,10 years 7 months
EQUITY,BROADER,Nifty 50,Tata Mutual Fund,Tata Nifty 50 ETF,Nifty 50 TRI,https://www.tatamutualfund.com/mutual-funds/tata-nifty-50-exchange-traded-fund-direct-growth,NETF,NETF.NS,,INF277K015R5,43466,709,0.06,0.17,-0.09,7 years 2 months
EQUITY,BROADER,Nifty 50,UTI Mutual Fund,UTI Nifty 50 ETF,Nifty 50 TRI,https://www.utimf.com/mutual-funds/uti-nifty-50-etf,UTINIFTETF,UTINIFTETF.NS,,INF789F1AZC0,42250,67853,0.05,0.13,-0.06,10 years 5 months
EQUITY,BROADER,Nifty 50,Zerodha Mutual Fund,Zerodha Nifty 50 ETF,Nifty 50 TRI,https://www.zerodhafundhouse.com/etfs/zerodha-nifty-50-etf-ZEN50,NIFTYCASE,NIFTYCASE.NS,,INF0R8F01166,45950,9.31,0.05,0.35,,4 months
EQUITY,STRATEGIC,Nifty 50 Factor Indices,HDFC Mutual Fund,HDFC Nifty 50 VALUE 20 ETF,Nifty 50 Value 20 TRI,https://www.hdfcfund.com/explore/mutual-funds/hdfc-nifty50-value-20-etf/regular,HDFCVALUE,HDFCVALUE.NS,,INF179KC1DK8,44833,36.53,0.2,0.05,-0.33,3 years 5 months
EQUITY,STRATEGIC,Nifty 50 Factor Indices,ICICI Prudential Mutual Fund,ICICI Prudential Nifty 50 Value 20 ETF,Nifty 50 Value 20 TRI,https://www.icicietf.com/funds/equity-etf/icici-prudential-nifty50-value-20-etf,NV20IETF,NV20IETF.NS,,INF109KC11V0,42538,188.59,0.25,0.06,-0.46,9 years 8 months
EQUITY,STRATEGIC,Nifty 50 Factor Indices,Kotak Mahindra Mutual Fund,Kotak Nifty 50 value 20 ETF,Nifty 50 Value 20 TRI,https://www.kotakmf.com/mutual-funds/passive-funds/kotak-nifty-50-value-20-etf,NV20,NV20.NS,,INF174K01Z71,42340,87.98,0.14,0.06,-0.67,10 years 3 months
EQUITY,STRATEGIC,Nifty 50 Factor Indices,Nippon India Mutual Fund,Nippon India ETF Nifty 50 Value 20,Nifty 50 Value 20 TRI,https://etf.nipponindiaim.com/Funds/details/16,NV20BEES,NV20BEES.NS,,INF204KB18I3,42178,159.11,0.26,0.06,-0.61,10 years 8 months
EQUITY,STRATEGIC,Nifty 500 Factor Indices,DSP Mutual Fund,DSP Nifty500 Flexicap Quality 30 ETF,Nifty 500 Flexicap Quality 30 TRI,https://www.dspim.com/invest/mutual-fund-schemes/exchange-traded-funds/dsp-nifty500-flexicap-quality-30-etf/dnfqe-direct-growth,FLEXIADD,FLEXIADD.NS,544581,INF740KA1WU9,45946,10.33,0.31,0.01,0.14,4 months
EQUITY,STRATEGIC,Nifty 500 Factor Indices,Groww Mutual Fund,Groww Nifty 500 Low Volatility 50 ETF,Nifty 500 Low Volatility 50 TRI,https://groww.in/etfs/groww-nifty-500-low-volatility-50-etf-ltd,GROWWLOVOL,GROWWLOVOL.NS,,INF666M01LB9,45825,4.79,0.32,0,,8 months
EQUITY,STRATEGIC,Nifty 500 Factor Indices,Groww Mutual Fund,Groww Nifty 500 Momentum 50 ETF,Nifty 500 Momentum 50 TRI,https://groww.in/etfs/groww-nifty-momentum-etf,GROWWMOM50,GROWWMOM50.NS,,INF666M01KJ4,45771,20.29,0.44,0,,10 months
EQUITY,STRATEGIC,Nifty 500 Factor Indices,Motilal Oswal Mutual Fund,Motilal Oswal Nifty 500 Momentum 50 ETF,Nifty 500 Momentum 50 TRI,https://www.motilaloswalmf.com/mutual-funds/motilal-oswal-nifty-500-momentum-50-etf#Overview,MOMENTUM50,MOMENTUM50.NS,,INF247L01DK8,45565,258.77,0.41,0.38,-0.84,1 year 5 months
EQUITY,BROADER,Nifty 500 MultiCap 50:25:25,Mirae Asset Mutual Fund,Mirae Asset Nifty 500 Multicap ETF,Nifty 500 MultiCap 50:25:25 TRI,https://www.miraeassetmf.co.in/mutual-fund-scheme/etf/mirae-asset-nifty500-multicap-50-25-25-etf,MULTICAP,MULTICAP.NS,,INF769K01LX9,45540,51.56,0,0.08,-0.3,1 year 5 months
EQUITY,STRATEGIC,Nifty 500 Factor Indices,Edelweiss Mutual Fund,Edelweiss Nifty 500 Multicap MQ 50 ETF,Nifty 500 Multicap Momentum Quality 50 TRI,https://www.edelweissmf.com/types-of-mutual-funds/index-fund/edelweiss-nifty500-multicap-momentum-quality-50-etf,EMULTIMQ,EMULTIMQ.NS,,INF754K01TF1,45603,31.1,0.31,0.47,-0.59,1 year 3 months
EQUITY,BROADER,Nifty 500,Motilal Oswal Mutual Fund,Motilal Oswal Nifty 500 ETF,Nifty 500 TRI,https://www.motilaloswalmf.com/mutual-funds/motilal-oswal-nifty-500-etf,MONIFTY500,MONIFTY500.NS,,INF247L01BU1,45205,179.51,0.21,0.02,-0.29,2 years 4 months
EQUITY,STRATEGIC,Nifty 500 Factor Indices,Axis Mutual Fund,Axis Nifty500 Value 50 ETF,Nifty 500 Value 50 TRI,https://www.axismf.com/mutual-funds/etfs/axis-nifty500-value-50-etf/ve-gp,AXISVALUE,AXISVALUE.NS,544382,INF846KA1119,45736,15.22,0.25,0.79,1.21,11 months
DEBT,G-Sec,,LIC Mutual Fund,LIC MF Nifty 8-13 yr G-Sec ETF,Nifty 8-13 yr G-Sec Index,https://www.licmf.com/snapshot/lic-mf-nifty-8-13-yr-g-sec-etf/LIC168,LICNETFGSC,LICNETFGSC.NS,,INF767K01MV5,41997,2471.18,0.17,0.13,-0.32,11 years 2 months
DEBT,G-Sec,,Mirae Asset Mutual Fund,Mirae Asset Nifty 8-13 yr G-Sec ETF,Nifty 8-13 yr G-Sec Index,https://miraeassetetf.co.in/our-etfs/fund?nseSymbol=GSEC10YEAR,GSEC10YEAR,GSEC10YEAR.NS,543875,INF769K01KF8,45016,93.12,0.1,0.06,-0.19,2 years 11 months
DEBT,G-Sec,,Nippon India Mutual Fund,Nippon India ETF Nifty 8-13 yr G-Sec Long Term Gilt,Nifty 8-13 yr G-Sec Index,https://mf.nipponindiaim.com/FundsAndPerformance/Pages/NipponIndia-ETF-Nifty-8-13-yr-G-Sec-Long-Term-Gilt.aspx,LTGILTBEES,LTGILTBEES.NS,590143,INF204KB1882,42556,2655.97,0.1,0.02,-0.19,9 years 7 months
DEBT,G-Sec,,Zerodha Mutual Fund,Zerodha Nifty 8-13 Yr G-Sec ETF,Nifty 8-13 yr G-Sec Index,https://www.zerodhafundhouse.com/etfs/zerodha-nifty-8-13yr-gsec-etf-ZLTGC,LTGILTCASE,LTGILTCASE.NS,544486,INF0R8F01133,45883,31.82,0.07,0.12,,6 months
DEBT,SDL,,Axis Mutual Fund,Axis Nifty AAA Bond Plus SDL Apr 2026 50-50 ETF,Nifty AAA Bond Plus SDL Apr 2026 50:50 Index,https://www.axismf.com/mutual-funds/etfs/axis-nifty-aaa-bond-plus-sdl-apr-2026-50:50-etf/se-gp,AXISBPSETF,AXISBPSETF.NS,,INF846K01Z04,44334,1101.79,0.28,0.22,0.08,4 years 9 months
EQUITY,STRATEGIC,Nifty Alpha Factor Indices,Kotak Mahindra Mutual Fund,Kotak Nifty Alpha 50 ETF,Nifty Alpha 50 TRI,https://www.kotakmf.com/mutual-funds/passive-funds/kotak-nifty-alpha-50-etf,ALPHA,ALPHA.NS,,INF174KA1IA5,44559,748,0.3,0.27,-2.06,4 years 2 months
EQUITY,STRATEGIC,Nifty Alpha Factor Indices,Motilal Oswal Mutual Fund,Motilal Oswal Nifty Alpha 50 ETF,Nifty Alpha 50 TRI,https://www.motilaloswalmf.com/etf/motilal-oswal-nifty-alpha-50-etf,MOALPHA50,MOALPHA50.NS,,INF247L01FR8,45845,5.71,0.53,0.29,-0.3,7 months
EQUITY,STRATEGIC,Nifty Alpha Factor Indices,ICICI Prudential Mutual Fund,ICICI Prudential Nifty Alpha Low Volatility 30 ETF,Nifty Alpha Low Volatility 30 TRI,https://www.icicietf.com/funds/equity-etf/icici-prudential-nifty-alpha-low-volatility-30-etf,ALPL30IETF,ALPL30IETF.NS,,INF109KC17V7,44055,1713.48,0.41,0.23,-0.68,5 years 6 months
EQUITY,SECTORAL,AUTO,ICICI Prudential Mutual Fund,ICICI Pru Nifty Auto ETF,Nifty Auto TRI,https://www.icicietf.com/funds/equity-etf/icici-prudential-nifty-auto-etf,AUTOIETF,AUTOIETF.NS,543450,INF109KC10V2,44579,155.58,0.2,0.04,-0.3,4 years 1 month
EQUITY,SECTORAL,AUTO,Nippon India Mutual Fund,Nippon Auto ETF,Nifty Auto TRI,https://mf.nipponindiaim.com/FundsAndPerformance/Pages/NipponIndia-Nifty-Auto-ETF.aspx,AUTOBEES,AUTOBEES.NS,,INF204KC1337,44586,357.99,0.22,0.04,-0.32,4 years 1 month
EQUITY,SECTORAL,BANK,Aditya Birla Sun Life MF,Aditya Birla Sun Life Banking ETF,Nifty Bank TRI,https://mutualfund.adityabirlacapital.com/products/wealth-creation-solutions/aditya-birla-sun-life-nifty-bank-etf,ABSLBANETF,ABSLBANETF.NS,542863,INF209KB17D5,43768,2788.9,0.14,0.02,-0.27,6 years 4 months
EQUITY,SECTORAL,BANK,Axis Mutual Fund,Axis Nifty Bank ETF,Nifty Bank TRI,https://www.axismf.com/mutual-funds/etfs/axis-nifty-bank-etf/be-gp,AXISBNKETF,AXISBNKETF.NS,,INF846K01X63,44144,387.91,0.2,0.04,0.44,5 years 3 months
EQUITY,SECTORAL,BANK,Bajaj Finserv Mutual Fund,Bajaj Finserv Nifty Bank ETF,Nifty Bank TRI,https://www.bajajfinserv.in/investments/bajaj-finserv-nifty-bank-etf,BANKBETF,BANKBETF.NS,544093,INF0QA701714,45320,360.84,0.13,0.05,-0.16,2 years 1 month
EQUITY,SECTORAL,BANK,Baroda BNP Paribas Mutual Fund,Baroda BNP Paribas Nifty Bank ETF,Nifty Bank TRI,https://www.barodabnpparibasmf.in/efactsheet/Sep2025/Innerpages/NIFTY-BANK-ETF.html,BBNPNBETF,BBNPNBETF.NS,544196,INF251K01TL6,45467,3.5,0.09,0.09,-0.27,1 year 8 months
EQUITY,SECTORAL,BANK,DSP Mutual Fund,DSP Nifty Bank ETF,Nifty Bank TRI,https://www.dspim.com/invest/mutual-fund-schemes/exchange-traded-funds/nifty-bank-etf/dsnbe-direct-growth,BANKETFADD,BANKETFADD.NS,543738,INF740KA1RX3,44932,727.27,0.15,0.02,-0.15,3 years 1 month
EQUITY,SECTORAL,BANK,Edelweiss Mutual Fund,Edelweiss Nifty Bank ETF,Nifty Bank TRI,https://www.edelweissmf.com/types-of-mutual-funds/index-fund/edelweiss-nifty-bank-etf,EBANKNIFTY,EBANKNIFTY.NS,,INF754K01TE4,42356,4.89,0.04,0.04,-0.17,10 years 2 months
EQUITY,SECTORAL,BANK,HDFC Mutual Fund,HDFC Nifty Bank ETF,Nifty Bank TRI,https://www.hdfcfund.com/explore/mutual-funds/hdfc-nifty-bank-exchange-traded-fund/regular,HDFCNIFBAN,HDFCNIFBAN.NS,543224,INF179KC1HY0,44071,2781.69,0.16,0.02,-0.27,5 years 6 months
EQUITY,SECTORAL,BANK,ICICI Prudential Mutual Fund,ICICI Prudential Nifty Bank ETF,Nifty Bank TRI,https://www.icicietf.com/funds/equity-etf/icici-prudential-nifty-bank-etf,BANKIETF,BANKIETF.NS,542730,INF109KC15I8,43661,3184.63,0.15,0.02,-0.29,6 years 7 months
EQUITY,SECTORAL,BANK,Kotak Mahindra Mutual Fund,Kotak Nifty Bank ETF,Nifty Bank TRI,https://www.kotakmf.com/mutual-funds/passive-funds/kotak-nifty-bank-etf,BANKNIFTY1,BANKNIFTY1.NS,590136,INF174K01F59,41984,5196.37,0.15,0.03,-0.37,11 years 2 months
EQUITY,SECTORAL,BANK,Mirae Asset Mutual Fund,Mirae Asset Nifty Bank ETF,Nifty Bank TRI,https://www.miraeassetmf.co.in/mutual-fund-scheme/etf/mirae-asset-nifty-bank-etf,BANKETF,BANKETF.NS,543944,INF769K01KR3,45133,267.34,0.1,0.02,-0.2,2 years 7 months
EQUITY,SECTORAL,BANK,Nippon India Mutual Fund,Nippon India ETF Nifty Bank BeES,Nifty Bank TRI,https://mf.nipponindiaim.com/FundsAndPerformance/Pages/NipponIndia-ETF-Nifty-Bank-BeES.aspx,BANKBEES,BANKBEES.NS,590106,INF204KB15I9,38142,7731.4,0.19,0.03,-0.49,21 years 9 months
EQUITY,SECTORAL,BANK,SBI Mutual Fund,SBI Banking ETF,Nifty Bank TRI,https://www.sbimf.com/sbimf-scheme-details/sbi-nifty-bank-etf-formerly-known-as-(sbi-etf-nifty-bank)-417,SETFNIFBK,SETFNIFBK.NS,590137,INF200KA1580,42088,3997.39,0.19,0.02,-0.34,10 years 11 months
EQUITY,SECTORAL,BANK,UTI Mutual Fund,UTI Nifty Bank ETF,Nifty Bank TRI,https://www.utimf.com/mutual-funds/uti-nifty-bank-etf-0,UTIBANKETF,UTIBANKETF.NS,543226,INF789F1AUV1,44077,3817.83,0.17,0,0.1,5 years 5 months
DEBT,BHARAT BOND,,Edelweiss Mutual Fund,BHARAT Bond ETF April 2030,Nifty BHARAT Bond Index - April 2030,https://www.edelweissmf.com/types-of-mutual-funds/bharat-bond-funds/edelweiss-etf-bharat-bond-2030,EBBETF0430,EBBETF0430.NS,,INF754K01KO2,43832,25429.42,0.01,0.86,-0.12,6 years 1 month
DEBT,BHARAT BOND,,Edelweiss Mutual Fund,BHARAT Bond ETF April 2031,Nifty BHARAT Bond Index - April 2031,https://www.edelweissmf.com/types-of-mutual-funds/bharat-bond-funds/edelweiss-etf-bharat-bond-2031,EBBETF0431,EBBETF0431.NS,,INF754K01LE1,44041,13477.78,0.01,1.22,-0.1,5 years 7 months
DEBT,BHARAT BOND,,Edelweiss Mutual Fund,BHARAT Bond ETF April 2032,Nifty BHARAT Bond Index - April 2032,https://www.edelweissmf.com/types-of-mutual-funds/bharat-bond-funds/edelweiss-etf-bharat-bond-2032,EBBETF0432,Not Found,,INF754K01OB1,43832,10792.72,0.01,1.31,0.31,6 years 1 month
DEBT,BHARAT BOND,,Edelweiss Mutual Fund,BHARAT Bond ETF April 2033,Nifty BHARAT Bond Index - April 2033,https://www.edelweissmf.com/types-of-mutual-funds/bharat-bond-funds/edelweiss-etf-bharat-bond-2033,EBBETF0433,EBBETF0433.NS,,INF754K01QX0,44914,6365.44,0.01,1.43,0.42,3 years 2 months
EQUITY,THEMATIC,Capital Market,Groww Mutual Fund,Groww Nifty Capital Markets ETF,Nifty Capital Market TRI,https://groww.in/etfs/groww-nifty-capital-markets-etf,GROWWCAPM,GROWWCAPM.NS,,INF666M01MM4,45995,,0,0,,2 months
EQUITY,THEMATIC,Capital Market,Motilal Oswal Mutual Fund,Motilal Oswal Nifty Capital Market ETF,Nifty Capital Market TRI,https://www.motilaloswalmf.com/mutual-funds/motilal-oswal-nifty-capital-market-etf,MOCAPITAL,MOCAPITAL.NS,,INF247L01EV3,45790,99.13,0.53,0.07,-0.65,9 months
EQUITY,SECTORAL,CHEMICALS,Kotak Mahindra Mutual Fund,Kotak Nifty Chemicals ETF,Nifty Chemicals Index,https://www.kotakmf.com/mutual-funds/passive-funds/kotak-nifty-chemicals-etf,CHEMICAL,CHEMICAL.NS,,INF174KA1XV0,45980,11.83,0.25,0.3,-1.94,3 months
EQUITY,THEMATIC,Commodities,ICICI Prudential Mutual Fund,ICICI Prudential Nifty Commodities ETF,Nifty Commodities TRI,https://www.icicietf.com/funds/equity-etf/icici-prudential-nifty-commodities-etf,COMMOIETF,COMMOIETF.NS,543710,INF109KC19O8,44916,110.46,0.3,0.03,-0.46,3 years 2 months
EQUITY,THEMATIC,CPSE,Nippon India Mutual Fund,CPSE ETF,Nifty CPSE TRI,https://etf.nipponindiaim.com/Funds/details/10,CPSEETF,CPSEETF.NS,538057,INF457M01133,41733,29139.67,0.07,0.08,1.02,11 years 10 months
EQUITY,STRATEGIC,Nifty Dividend Opportunities 50,Nippon India Mutual Fund,Nippon India ETF Nifty Dividend Opportunities 50,Nifty Dividend Opportunities 50 TRI,https://etf.nipponindiaim.com/Funds/details/4,DIVOPPBEES,DIVOPPBEES.NS,,INF204KA1MS3,41744,77.76,0.37,0.05,-0.26,11 years 10 months
EQUITY,THEMATIC,Energy,Mirae Asset Mutual Fund,Mirae Asset Nifty Energy ETF,Nifty Energy TRI,https://www.miraeassetmf.co.in/mutual-fund-scheme/etf/mirae-asset-nifty-energy-etf,ENERGY,ENERGY.NS,,INF769K01PR2,45974,,0.11,0,,3 months
EQUITY,THEMATIC,Energy,Motilal Oswal Mutual Fund,Motilal Oswal Nifty Energy ETF,Nifty Energy TRI,https://www.motilaloswalmf.com/etf/motilal-oswal-nifty-energy-etf#Performance,MOENERGY,MOENERGY.NS,,INF247L01GH7,45943,,0.5,0.03,-0.15,4 months
EQUITY,THEMATIC,EV and New Age Automotive,Groww Mutual Fund,Groww Nifty EV & New Age Automotive ETF,Nifty EV and New Age Automotive TRI,https://groww.in/etfs/groww-nifty-ev-new-age-automotive-etf,GROWWEV,GROWWEV.NS,,INF666M01IH2,45516,276,0.44,0,-0.48,1 year 6 months
EQUITY,THEMATIC,EV and New Age Automotive,ICICI Prudential Mutual Fund,ICICI Prudential Nifty EV & New Age Automotive ETF,Nifty EV and New Age Automotive TRI,https://www.icicietf.com/funds/equity-etf/icici-prudential-nifty-ev-&-new-age-automotive,EVIETF,EVIETF.NS,544394,INF109K1A153,45762,30.72,0.44,0.12,-0.39,10 months
EQUITY,THEMATIC,EV and New Age Automotive,Mirae Asset Mutual Fund,Mirae Asset Nifty EV and New Age Automotive ETF,Nifty EV and New Age Automotive TRI,chrome-extension://efaidnbmnnnibpcajpcglclefindmkaj/https://www.miraeassetmf.co.in/docs/default-source/transaction-forms/mirae-asset-ev-and-new-age-automotive-etf.pdf?sfvrsn=3c745412_2,EVINDIA,EVINDIA.NS,544212,INF769K01LQ3,45489,171,0.39,0.44,-0.44,1 year 7 months
EQUITY,SECTORAL,FINANCIAL SERVICES EX-BANK,ICICI Prudential Mutual Fund,ICICI Prudential Nifty Financial Services Ex-BaNk ETF,Nifty Financial Services Ex-Bank TRI,https://digitalfactsheet.icicipruamc.com/passive/icici-prudential-nifty-financial-services-ex-bank-etf.php,FINIETF,FINIETF.NS,543677,INF109KC17L8,44895,218.3,0.2,0.04,-0.37,3 years 3 months
EQUITY,SECTORAL,FINANCIAL SERVICES,Aditya Birla Sun Life MF,Aditya Birla Sun Life Nifty Financial Services ETF,Nifty Financial Services TRI,https://mutualfund.adityabirlacapital.com/campaign/aditya-birla-sun-life-nifty-financial-services-etf,ABSLFINSRV,Not Found,,INF209KB15I8,44776,,0,0,,3 years 6 months
EQUITY,SECTORAL,FINANCIAL SERVICES,Mirae Asset Mutual Fund,Mirae Asset Nifty Financial Services ETF,Nifty Financial Services TRI,https://miraeassetetf.co.in/our-etfs/fund?nseSymbol=BFSI,BFSI,BFSI.NS,543323,INF769K01HI8,44407,438.29,0.12,0.06,-0.15,4 years 7 months
EQUITY,SECTORAL,FMCG,ICICI Prudential Mutual Fund,ICICI Prudential Nifty FMCG ETF,Nifty FMCG TRI,https://www.icicietf.com/funds/equity-etf/icici-prudential-nifty-fmcg-etf,FMCGIETF,FMCGIETF.NS,543326,INF109KC19V3,44418,662.56,0.2,0.08,-0.28,4 years 6 months
EQUITY,STRATEGIC,Nifty Growth Sectors 15,HDFC Mutual Fund,HDFC Nifty Growth Sectors 15 ETF,Nifty Growth Sectors 15 TRI,https://www.hdfcfund.com/explore/mutual-funds/hdfc-nifty-growth-sectors-15-etf/regular,HDFCGROWTH,HDFCGROWTH.NS,543607,INF179KC1DJ0,44833,17.11,0.3,0.18,-0.54,3 years 5 months
EQUITY,SECTORAL,HEALTHCARE,Aditya Birla Sun Life MF,Aditya Birla Sun Life Nifty Healthcare ETF,Nifty Healthcare TRI,https://mutualfund.adityabirlacapital.com/products/wealth-creation-solutions/aditya-birla-sun-life-nifty-healthcare-etf,HEALTHY,HEALTHY.NS,543473,INF209KB10C2,44497,46.77,0.19,0.04,-0.02,4 years 4 months
EQUITY,SECTORAL,HEALTHCARE,Axis Mutual Fund,Axis Nifty Healthcare ETF,Nifty Healthcare TRI,https://www.axismf.com/mutual-funds/etfs/axis-nifty-healthcare-etf/he-gp,AXISHCETF,AXISHCETF.NS,543348,INF846K01Z12,44337,20.22,0.34,0.03,-0.67,4 years 9 months
EQUITY,SECTORAL,HEALTHCARE,DSP Mutual Fund,DSP Nifty Healthcare ETF,Nifty Healthcare TRI,https://www.dspim.com/invest/mutual-fund-schemes/exchange-traded-funds/nifty-healthcare-etf/dnhce-direct-growth,HEALTHADD,HEALTHADD.NS,544109,INF740KA1UF4,45329,11.12,0.2,0.03,-0.27,2 years 0 months
EQUITY,SECTORAL,HEALTHCARE,ICICI Prudential Mutual Fund,ICICI Prudential Nifty Healthcare ETF,Nifty Healthcare TRI,https://www.icicietf.com/funds/equity-etf/icici-prudential-nifty-healthcare-etf,HEALTHIETF,HEALTHIETF.NS,543292,INF109KC1Q72,44334,129.47,0.15,0.05,-0.23,4 years 9 months
EQUITY,THEMATIC,India Cosumption,Axis Mutual Fund,Axis Nifty India Consumption ETF,Nifty India Consumption TRI,https://www.axismf.com/mutual-funds/etfs/axis-nifty-india-consumption-etf/ce-gp,AXISCETF,AXISCETF.NS,543357,INF846K016C7,44462,14.71,0.38,0.03,-0.35,4 years 5 months
EQUITY,THEMATIC,India Cosumption,ICICI Prudential Mutual Fund,ICICI Prudential Nifty India Consumption ETF,Nifty India Consumption TRI,https://www.icicietf.com/funds/equity-etf/icici-prudential-consumption-etf,CONSUMIETF,CONSUMIETF.NS,543383,INF109KC1V42,44502,69.06,0.2,0.03,-0.32,4 years 3 months
EQUITY,THEMATIC,India Cosumption,Kotak Mahindra Mutual Fund,Kotak Nifty India Consumption ETF,Nifty India Consumption TRI,https://www.kotakmf.com/mutual-funds/passive-funds/kotak-nifty-india-consumption-etf,CONS,CONS.NS,,INF174KA1JE5,44777,23.06,0.1,0.05,-0.33,3 years 6 months
EQUITY,THEMATIC,India Cosumption,Nippon India Mutual Fund,Nippon India ETF Nifty India Consumption,Nifty India Consumption TRI,https://mf.nipponindiaim.com/FundsAndPerformance/Pages/NipponIndia-ETF-Nifty-India-Consumption.aspx,CONSUMBEES,CONSUMBEES.NS,,INF204KA1LD7,41740,200.58,0.31,0.03,-0.28,11 years 10 months
EQUITY,THEMATIC,India Cosumption,SBI Mutual Fund,SBI ETF Consumption,Nifty India Consumption TRI,https://www.sbimf.com/sbimf-scheme-details/sbi-nifty-consumption-etf-592,SBIETFCON,SBIETFCON.NS,,INF200KA1X17,44379,25.13,0.25,0.02,-0.42,4 years 7 months
EQUITY,THEMATIC,Defence,Groww Mutual Fund,Groww Nifty India Defence ETF,Nifty India Defence TRI,https://www.motilaloswalmf.com/mutual-funds/motilal-oswal-nifty-india-defence-etf,GROWWDEFNC,GROWWDEFNC.NS,,INF666M01IO8,45576,236.03,0.43,0,-0.51,1 year 4 months
EQUITY,THEMATIC,Defence,Motilal Oswal Mutual Fund,Motilal Oswal Nifty India Defence ETF,Nifty India Defence TRI,https://www.motilaloswalmf.com/mutual-funds/motilal-oswal-nifty-india-defence-etf,MODEFENCE,MODEFENCE.NS,140518913,INF247L01DJ0,45531,872.07,0.41,0.1,-0.69,1 year 6 months
EQUITY,THEMATIC,Digital,Tata Mutual Fund,Tata Nifty India Digital Exchange Traded Fund,Nifty India Digital TRI,https://www.tatamutualfund.com/mutual-funds/tata-nifty-india-digital-exchange-traded-fund-direct-growth,TNIDETF,TNIDETF.NS,,INF277KA1364,44659,177.31,0.39,0.12,-0.26,3 years 10 months
EQUITY,THEMATIC,Internet,Groww Mutual Fund,Groww Nifty India Internet ETF,Nifty India Internet TRI,https://groww.in/etfs/groww-nifty-india-internet-etf-ltd,GROWWNET,GROWWNET.NS,,INF666M01LI4,45841,23.43,0.38,0,,7 months
EQUITY,THEMATIC,Internet,Mirae Asset Mutual Fund,Mirae Asset Nifty India Internet ETF,Nifty India Internet TRI,https://miraeassetetf.co.in/our-etfs/fund?nseSymbol=INTERNET,INTERNET,INTERNET.NS,544438,INF769K01PB6,45826,16.52,0.19,0.07,-0.12,8 months
EQUITY,THEMATIC,Manufacturing,Mirae Asset Mutual Fund,Mirae Asset Nifty India Manufacturing ETF,Nifty India Manufacturing TRI,https://miraeassetetf.co.in/our-etfs/fund?nseSymbol=MAKEINDIA,MAKEINDIA,MAKEINDIA.NS,543454,INF769K01IB1,44588,218.17,0.53,0.05,-0.59,4 years 1 month
EQUITY,THEMATIC,Manufacturing,Motilal Oswal Mutual Fund,Motilal Oswal Nifty India Manufacturing ETF,Nifty India Manufacturing TRI,https://www.motilaloswalmf.com/etf/motilal-oswal-nifty-india-manufacturing-etf,MOMGF,MOMGF.NS,,INF247L01FK3,45805,1.9,0.52,0.23,-0.46,9 months
EQUITY,THEMATIC,Manufacturing,Nippon India Mutual Fund,Nippon India Nifty India Manufacturing ETF,Nifty India Manufacturing TRI,https://etf.nipponindiaim.com/Funds/details/3032,MANUFGBEES,MANUFGBEES.NS,,INF204KC1GH6,45898,6.14,0.25,0.04,,6 months
EQUITY,THEMATIC,New Age Consumtion,Mirae Asset Mutual Fund,Mirae Asset Nifty India New Age Consumption ETF,Nifty India New Age Consumption TRI,https://miraeassetetf.co.in/our-etfs/fund?nseSymbol=CONSUMER,CONSUMER,CONSUMER.NS,544323,INF769K01NS5,45652,38.04,0.3,0.1,-0.32,1 year 2 months
EQUITY,THEMATIC,Railways PSU,Groww Mutual Fund,Groww Nifty India Railways PSU ETF,Nifty India Railways PSU Index TRI.,https://groww.in/etfs/groww-nifty-india-railways-psu-etf,GROWWRAIL,GROWWRAIL.NS,94517,INF666M01JJ6,45693,91.35,0.49,0,,1 year 0 months
EQUITY,THEMATIC,Tourism,Motilal Oswal Mutual Fund,Motilal Oswal Nifty India Tourism ETF,Nifty India Tourism TRI,https://www.motilaloswalmf.com/etf/motilal-oswal-nifty-india-tourism-etf,MOTOUR,MOTOUR.NS,,INF247L01FP2,45817,4.21,0.52,0.52,-0.22,8 months
EQUITY,THEMATIC,Infrastructure,ICICI Prudential Mutual Fund,ICICI Prudential Nifty Infrastructure ETF,Nifty Infrastructure TRI,https://www.icicietf.com/funds/equity-etf/icici-prudential-nifty-infrastructure-etf,INFRAIETF,INFRAIETF.NS,543571,INF109KC16E5,44790,349.59,0.5,0.04,-0.03,3 years 6 months
EQUITY,THEMATIC,Infrastructure,Nippon India Mutual Fund,Nippon India ETF Nifty Infrastructure BeES,Nifty Infrastructure TRI,https://mf.nipponindiaim.com/FundsAndPerformance/Pages/NipponIndia-ETF-Nifty-Infrastructure-BeES.aspx,INFRABEES,INFRABEES.NS,543255,INF732E01268,40456,166.29,1.03,0.06,-1.2,15 years 4 months
EQUITY,SECTORAL,IT,Aditya Birla Sun Life MF,Aditya Birla Sun Life Nifty IT ETF,Nifty IT TRI,https://mutualfund.adityabirlacapital.com/products/wealth-creation-solutions/aditya-birla-sun-life-nifty-it-etf,TECH,TECH.NS,543472,INF209KB11D8,44503,226.83,0.19,0.06,-0.34,4 years 3 months
EQUITY,SECTORAL,IT,Axis Mutual Fund,Axis Nifty IT ETF,Nifty IT TRI,https://www.axismf.com/mutual-funds/etfs/axis-nifty-it-etf/te-gp,AXISTECETF,AXISTECETF.NS,543347,INF846K01Y96,44286,187.05,0.23,0.06,-0.79,4 years 11 months
EQUITY,SECTORAL,IT,DSP Mutual Fund,DSP Nifty IT ETF,Nifty IT TRI,https://www.dspim.com/invest/mutual-fund-schemes/exchange-traded-funds/nifty-it-etf/dsnit-direct-growth,ITETFADD,ITETFADD.NS,543935,INF740KA1SX1,45120,43.87,0.2,0.05,-0.31,2 years 7 months
EQUITY,SECTORAL,IT,HDFC Mutual Fund,HDFC Nifty IT ETF,Nifty IT TRI,https://www.hdfcfund.com/explore/mutual-funds/hdfc-nifty-it-etf/regular,HDFCNIFIT,HDFCNIFIT.NS,543665,INF179KC1IA8,44887,45.11,0.2,0.05,-0.31,3 years 3 months
EQUITY,SECTORAL,IT,ICICI Prudential Mutual Fund,ICICI Prudential Nifty IT ETF,Nifty IT TRI,https://www.icicietf.com/funds/equity-etf/icici-prudential-nifty-it-etf,ITIETF,ITIETF.NS,543221,INF109KC16I6,44063,553.89,0.2,0.05,-0.32,5 years 6 months
EQUITY,SECTORAL,IT,Kotak Mahindra Mutual Fund,Kotak Nifty IT ETF,Nifty IT TRI,https://www.kotakmf.com/mutual-funds/passive-funds/kotak-nifty-it-etf,IT,IT.NS,,INF174KA1GC5,44260,461,0.09,0.05,-0.27,4 years 11 months
EQUITY,SECTORAL,IT,Mirae Asset Mutual Fund,Mirae Asset Nifty IT ETF,Nifty IT TRI,https://miraeassetetf.co.in/our-etfs/fund?nseSymbol=ITETF,ITETF,ITETF.NS,544006,INF769K01KV5,43430,149.8,0.1,0.05,-0.17,7 years 3 months
EQUITY,SECTORAL,IT,Nippon India Mutual Fund,Nippon India ETF Nifty IT,Nifty IT TRI,https://mf.nipponindiaim.com/FundsAndPerformance/Pages/NipponIndia-ETF-Nifty-IT.aspx,ITBEES,ITBEES.NS,590141,INF204KB15V2,44013,2896.96,0.22,0.05,-0.38,5 years 8 months
EQUITY,SECTORAL,IT,SBI Mutual Fund,SBI ETF IT,Nifty IT TRI,https://www.sbimf.com/sbimf-scheme-details/sbi-nifty-it-etf-577,SBIETFIT,SBIETFIT.NS,,INF200KA1S14,44126,74.34,0.2,0.04,-0.28,5 years 4 months
EQUITY,SECTORAL,IT,UTI Mutual Fund,UTI Nifty IT ETF,Nifty IT TRI,https://www.utimf.com/mutual-funds/uti-nifty-it-etf,NIFITETF,NIFITETF.NS,544102,INF789F1AZD8,45323,6.7,0.19,0,-0.23,2 years 0 months
EQUITY,BROADER,Nifty LargeMidCap 250,Edelweiss Mutual Fund,Edelweiss Nifty LargeMidcap 250 ETF,Nifty LargeMidcap 250 TRI,https://www.edelweissmf.com/factsheet/factsheets/Exchange-Traded-Funds/Nifty-LargeMidcap-250-ETF.html,ELM250,ELM250.NS,,INF754K01VV4,45909,80.2,1.09,0.06,0.04,5 months
EQUITY,THEMATIC,Metal,ICICI Prudential Mutual Fund,ICICI Prudential Nifty Metal ETF,Nifty Metal TRI,https://www.icicietf.com/funds/equity-etf/icici-prudential-nifty-metal-etf,METALIETF,METALIETF.NS,,INF109KC19W1,45524,306.45,0.4,0.04,-0.68,1 year 6 months
EQUITY,THEMATIC,Metal,Mirae Asset Mutual Fund,Mirae Asset Nifty Metal ETF,Nifty Metal TRI,https://miraeassetetf.co.in/our-etfs/fund?nseSymbol=METAL,METAL,METAL.NS,544268,INF769K01LY7,45574,101.38,0.29,0.18,-0.27,1 year 4 months
EQUITY,BROADER,Nifty MidCap 100,LIC Mutual Fund,LIC MF Nifty Midcap 100 ETF,Nifty Midcap 100 TRI,https://www.licmf.com/our-funds/licmf-Nifty-midcap-100-ETF,LICNMID100,LICNMID100.NS,,INF767K01RN1,45341,760,0.16,0.1,-0.44,1 year 12 months
EQUITY,BROADER,Nifty MidCap 100,Motilal Oswal Mutual Fund,Motilal Oswal Nifty Midcap 100 ETF,Nifty Midcap 100 TRI,https://www.motilaloswalmf.com/etf/motilal-oswal-nifty-midcap-100-etf,MOM100,MOM100.NS,536960,INF247L01023,40578,732.18,0.22,0.07,-0.19,15 years 0 months
EQUITY,STRATEGIC,Nifty Midcap 150 Factor Indices,Motilal Oswal Mutual Fund,Motilal Oswal Nifty Midcap150 Momentum 50 ETF,Nifty Midcap 150 Momentum 50 TRI,https://www.motilaloswalmf.com/etf/motilal-oswal-nifty-midcap-150-momentum-50-etf#Overview,MOMIDMTM,MOMIDMTM.NS,,INF247L01FQ0,45841,0.26,0.53,0.1,-1.02,7 months
EQUITY,STRATEGIC,Nifty Midcap 150 Factor Indices,DSP Mutual Fund,DSP Nifty Midcap 150 Quality 50 ETF,Nifty Midcap 150 Quality 50 TRI,https://www.dspim.com/invest/mutual-fund-schemes/exchange-traded-funds/nifty-midcap-150-quality-50/dnmcf-direct-growth#schemeFundDetails,MIDQ50ADD,MIDQ50ADD.NS,,INF740KA1QL0,44560,104.35,0.3,0.09,-0.25,4 years 2 months
EQUITY,BROADER,Nifty Midcap 150,Groww Mutual Fund,Groww Nifty Midcap 150 ETF,Nifty Midcap 150 TRI,https://groww.in/etfs/groww-nifty-midcap-etf,GROWWMC150,GROWWMC150.NS,,INF666M01MV5,45978,6,0.21,0,,3 months
EQUITY,BROADER,Nifty Midcap 150,HDFC Mutual Fund,HDFC Nifty Midcap 150 ETF,Nifty Midcap 150 TRI,https://www.hdfcfund.com/explore/mutual-funds/hdfc-nifty-midcap-150-etf/regular,HDFCMID150,HDFCMID150.NS,543776,INF179KC1HT0,44978,99.96,0.2,0.04,-0.33,2 years 12 months
EQUITY,BROADER,Nifty Midcap 150,ICICI Prudential Mutual Fund,ICICI Prudential Nifty Midcap 150 ETF,Nifty Midcap 150 TRI,https://www.icicietf.com/funds/equity-etf/icici-prudential-nifty-midcap-150-etf,MIDCAPIETF,MIDCAPIETF.NS,542921,INF109KC11W8,43858,553.9,0.15,0.04,-0.33,6 years 1 month
EQUITY,BROADER,Nifty Midcap 150,Kotak Mahindra Mutual Fund,Kotak Nifty Midcap 150 ETF,Nifty Midcap 150 TRI,https://www.kotakmf.com/mutual-funds/passive-funds/kotak-nifty-midcap-150-etf,MID150,MID150.NS,,INF174KA1VW2,45744,4.15,0.1,1.12,1.36,11 months
EQUITY,BROADER,Nifty Midcap 150,Mirae Asset Mutual Fund,Mirae Asset Nifty Midcap 150,Nifty Midcap 150 TRI,https://miraeassetetf.co.in/our-etfs/fund?nseSymbol=MIDCAPETF,MIDCAPETF,MIDCAPETF.NS,543481,INF769K01IC9,44629,1303.61,0.05,0.05,-0.23,3 years 11 months
EQUITY,BROADER,Nifty Midcap 150,Nippon India Mutual Fund,Nippon India Nifty Midcap 150 ETF,Nifty Midcap 150 TRI,https://etf.nipponindiaim.com/Funds/details/1017,MID150BEES,MID150BEES.NS,590144,INF204KB1V68,43496,2692.6,0.21,0.12,-0.35,7 years 1 month
EQUITY,BROADER,Nifty Midcap 150,UTI Mutual Fund,UTI Nifty Midcap 150 ETF,Nifty Midcap 150 TRI,https://www.utimf.com/mutual-funds/uti-nifty-midcap-150-exchange-traded-fund-etf,NIFMID150,NIFMID150.NS,543975,INF789F1AYX9,45174,11.03,0.25,0.07,-0.33,2 years 5 months
EQUITY,BROADER,Nifty Midcap 150,Zerodha Mutual Fund,Zerodha Nifty Midcap 150 ETF,Nifty Midcap 150 TRI,https://www.zerodhafundhouse.com/etfs/zerodha-nifty-midcap-150-etf-ZE150,MID150CASE,MID150CASE.NS,544193,INF0R8F01059,45462,169,0.21,0.04,0.32,1 year 8 months
EQUITY,BROADER,Nifty Midcap 50,Kotak Mahindra Mutual Fund,Kotak Nifty Midcap 50 ETF,Nifty Midcap 50 TRI,https://www.kotakmf.com/mutual-funds/passive-funds/kotak-nifty-midcap-50-etf,MIDCAP,MIDCAP.NS,,INF174KA1IB3,44596,87,0.05,0.14,-0.48,4 years 0 months
EQUITY,STRATEGIC,Nifty MidSmallcap400 Momentum Quality 100,Mirae Asset Mutual Fund,Mirae Asset Nifty MidSmallcap400 Momentum Quality 100 ETF,Nifty MidSmallcap 400 Momentum Quality 100 TRI,https://www.miraeassetmf.co.in/mutual-fund-scheme/etf/mirae-asset-nifty-midsmallcap400-momentum-quality-100-etf,MIDSMALL,MIDSMALL.NS,544180,INF769K01LJ8,45440,50.72,0.46,0.12,-0.58,1 year 9 months
EQUITY,THEMATIC,MNC,Kotak Mahindra Mutual Fund,Kotak Nifty MNC ETF,Nifty MNC TRI,https://www.kotakmf.com/mutual-funds/passive-funds/kotak-nifty-mnc-etf,MNC,MNC.NS,,INF174KA1JF2,44789,35.94,0.3,0.04,-0.44,3 years 6 months
EQUITY,THEMATIC,MNC,Motilal Oswal Mutual Fund,Motilal Oswal Nifty MNC ETF,Nifty MNC TRI,https://www.icicidirect.com/mutual-funds/nav-details/motilal-oswal-nifty-mnc-etf,MOMNC,MOMNC.NS,,INF247L01GK1,45992,,0,0.08,,2 months
EQUITY,BROADER,Nifty Next 50,Aditya Birla Sun Life MF,Aditya Birla Sun Life Nifty Next 50 ETF,Nifty Next 50 TRI,https://mutualfund.adityabirlacapital.com/products/wealth-creation-solutions/aditya-birla-sun-life-nifty-next-50-etf,ABSLNN50ET,ABSLNN50ET.NS,542230,INF209KB16D7,41132,96.06,0.09,0.11,-0.23,13 years 6 months
EQUITY,BROADER,Nifty Next 50,Groww Mutual Fund,Groww Nifty Next 50 ETF,Nifty Next 50 TRI,https://groww.in/etfs/groww-nifty-next-50-etf-ltd,GROWWNXT50,GROWWNXT50.NS,,INF666M01LZ8,45895,,0,0,,6 months
EQUITY,BROADER,Nifty Next 50,HDFC Mutual Fund,HDFC Nifty Next 50 ETF,Nifty Next 50 TRI,https://www.hdfcfund.com/explore/mutual-funds/hdfc-nifty-next-50-exchange-traded-fund/regular,HDFCNEXT50,HDFCNEXT50.NS,543570,INF179KC1HS2,44784,94.01,0.25,0.05,-0.36,3 years 6 months
EQUITY,BROADER,Nifty Next 50,ICICI Prudential Mutual Fund,ICICI Prudential Nifty Next 50 ETF,Nifty Next 50 TRI,https://digitalfactsheet.icicipruamc.com/passive/icici-prudential-nifty-next-50-etf.php,NEXT50IETF,NEXT50IETF.NS,541809,INF109KC1NS5,43342,1847.78,0.1,0.05,-0.25,7 years 6 months
EQUITY,BROADER,Nifty Next 50,Mirae Asset Mutual Fund,Mirae Asset Nifty Next 50 ETF (MANxt50ETF),Nifty Next 50 TRI,https://www.miraeassetmf.co.in/mutual-fund-scheme/etf/mirae-asset-nifty-next-50-etf,NEXT50,NEXT50.NS,542922,INF769K01FN2,43861,872.46,0.05,0.13,-0.48,6 years 1 month
EQUITY,BROADER,Nifty Next 50,Motilal Oswal Mutual Fund,Motilal Oswal Nifty Next 50 ETF,Nifty Next 50 TRI,https://www.motilaloswalmf.com/mutual-funds/motilal-oswal-nifty-next-50-index-fund,MONEXT50,MONEXT50.NS,,INF247L01FD8,45791,1.45,0.2,0.26,-0.17,9 months
EQUITY,BROADER,Nifty Next 50,Nippon India Mutual Fund,Nippon India ETF Nifty Next 50 Junior BeES,Nifty Next 50 TRI,https://mf.nipponindiaim.com/FundsAndPerformance/Pages/NipponIndia-ETF-Nifty-Next-50-Junior-BeES.aspx,JUNIORBEES,JUNIORBEES.NS,590104,INF732E01045,38782,6867.09,0.17,0.06,-1.01,19 years 12 months
EQUITY,BROADER,Nifty Next 50,SBI Mutual Fund,SBI Nifty Junior ETF,Nifty Next 50 TRI,https://www.sbimf.com/sbimf-scheme-details/sbi-nifty-next-50-etf-formerly-known-as-(sbi-etf-nifty-next-50)-416,SETFNN50,SETFNN50.NS,,INF200KA1598,42088,2683.24,0.12,0.06,-0.31,10 years 11 months
EQUITY,BROADER,Nifty Next 50,UTI Mutual Fund,UTI Nifty Next 50 Exchange Traded Fund,Nifty Next 50 TRI,https://www.utimf.com/mutual-funds/uti-nifty-next-50-exchange-traded-fund,UTINEXT50,UTINEXT50.NS,540669,INF789F1AUW9,42955,2120.08,0.15,0,-0.1,8 years 6 months
EQUITY,SECTORAL,OIL AND GAS,ICICI Prudential Mutual Fund,ICICI Prudential Nifty Oil & Gas ETF,Nifty Oil and Gas TRI,https://www.icicietf.com/funds/equity-etf/icici-prudential-nifty-oil-&-gas-etf,OILIETF,OILIETF.NS,544216,INF109KC18W3,45497,222.82,0.4,0.04,-0.27,1 year 7 months
EQUITY,SECTORAL,PHARMA,Nippon India Mutual Fund,Nippon India Nifty Pharma ETF,Nifty Pharma TRI,https://mf.nipponindiaim.com/FundsAndPerformance/Pages/NipponIndia-Nifty-Pharma-ETF.aspx,PHARMABEES,PHARMABEES.NS,590142,INF204KC1089,44384,1022.91,0.21,0.02,-0.28,4 years 7 months
EQUITY,SECTORAL,PRIVATE BANK,DSP Mutual Fund,DSP Nifty Private Bank ETF,Nifty Private Bank TRI,https://www.dspim.com/invest/mutual-fund-schemes/exchange-traded-funds/nifty-private-bank-etf/dnpbe-direct-growth#schemeFundDetails,PVTBANKADD,PVTBANKADD.NS,543949,INF740KA1TA7,45140,442.56,0.16,0.03,-0.16,2 years 6 months
EQUITY,SECTORAL,PRIVATE BANK,HDFC Mutual Fund,HDFC Nifty Private Bank ETF,Nifty Private Bank TRI,https://www.hdfcfund.com/explore/mutual-funds/hdfc-nifty-private-bank-etf/regular,HDFCPVTBAN,HDFCPVTBAN.NS,543666,INF179KC1HZ7,44887,340.58,0.15,0.02,-0.23,3 years 3 months
EQUITY,SECTORAL,PRIVATE BANK,ICICI Prudential Mutual Fund,ICICI Prudential Nifty Private Bank ETF,Nifty Private Bank TRI,https://digitalfactsheet.icicipruamc.com/passive/icici-prudential-nifty-private-bank-etf.php,PVTBANIETF,PVTBANIETF.NS,542758,INF109KC18U7,43686,3324.22,0.15,0.03,-0.42,6 years 6 months
EQUITY,SECTORAL,PRIVATE BANK,SBI Mutual Fund,SBI ETF Private Bank,Nifty Private Bank TRI,https://www.sbimf.com/sbimf-scheme-details/sbi-nifty-private-bank-etf-formerly-known-as-(sbi-etf-private-bank)-576,SBIETFPB,SBIETFPB.NS,,INF200KA1S22,44126,519.86,0.15,0.02,-0.28,5 years 4 months
EQUITY,SECTORAL,PRIVATE BANK,Tata Mutual Fund,Tata Nifty Private Bank Exchange Traded Fund,Nifty Private Bank TRI,https://www.tatamutualfund.com/mutual-funds/tata-nifty-private-bank-exchange-traded-fund-direct-growth,NPBET,NPBET.NS,,INF277K010X4,43717,11.98,0.13,0.07,0.16,6 years 5 months
EQUITY,THEMATIC,PSE,Aditya Birla Sun Life MF,Aditya Birla Sun Life Nifty PSE ETF,Nifty PSE TRI,https://mutualfund.adityabirlacapital.com/products/wealth-creation-solutions/aditya-birla-sun-life-nifty-pse-etf,ABSLPSE,ABSLPSE.NS,544218,INF209KB19Z4,45435,32.01,0.2,0.07,-0.13,1 year 9 months
EQUITY,THEMATIC,PSE,Motilal Oswal Mutual Fund,Motilal Oswal Nifty PSE ETF,Nifty PSE TRI,https://www.motilaloswalmf.com/mutual-funds/motilal-oswal-nifty-pse-etf,MOPSE,MOPSE.NS,,INF247L01FO5,45813,1.22,0.52,0.05,-0.4,8 months
EQUITY,SECTORAL,PSU BANK,DSP Mutual Fund,DSP Nifty PSU Bank ETF,Nifty PSU Bank TRI,https://www.dspim.com/invest/mutual-fund-schemes/exchange-traded-funds/nifty-psu-bank-etf/dpsub-direct-growth,PSUBANKADD,PSUBANKADD.NS,543948,INF740KA1SY9,45140,178.96,0.15,0.09,-0.44,2 years 6 months
EQUITY,SECTORAL,PSU BANK,HDFC Mutual Fund,HDFC Nifty PSU Bank ETF,Nifty PSU Bank TRI,https://www.hdfcfund.com/explore/mutual-funds/hdfc-nifty-psu-bank-etf/regular,HDFCPSUBK,HDFCPSUBK.NS,544110,INF179KC1HW4,45329,33.84,0.35,0.08,-0.44,2 years 0 months
EQUITY,SECTORAL,PSU BANK,ICICI Prudential Mutual Fund,ICICI Prudential Nifty PSU Bank ETF,Nifty PSU Bank TRI,https://www.icicietf.com/funds/equity-etf/icici-prudential-nifty-psu-bank-etf,PSUBNKIETF,PSUBNKIETF.NS,,INF109KC10S8,45006,85.94,0.4,0.09,-0.66,2 years 11 months
EQUITY,SECTORAL,PSU BANK,Kotak Mahindra Mutual Fund,Kotak Nifty PSU Bank ETF,Nifty PSU Bank TRI,https://www.kotakmf.com/mutual-funds/passive-funds/kotak-nifty-psu-bank-etf,PSUBANK,PSUBANK.NS,590107,INF373I01023,39402,2043.04,0.49,0.09,-0.56,18 years 3 months
EQUITY,SECTORAL,PSU BANK,Mirae Asset Mutual Fund,Mirae Asset Nifty PSU Bank ETF,Nifty PSU Bank TRI,chrome-extension://efaidnbmnnnibpcajpcglclefindmkaj/https://www.miraeassetmf.co.in/docs/default-source/product-presentations/mirae-asset-nifty-psu-bank-etf-ppt---june-25.pdf,BANKPSU,BANKPSU.NS,544266,INF769K01LZ4,45573,53.61,0.19,0.09,-0.32,1 year 4 months
EQUITY,SECTORAL,PSU BANK,Nippon India Mutual Fund,Nippon India ETF Nifty PSU Bank BeES,Nifty PSU Bank TRI,https://mf.nipponindiaim.com/FundsAndPerformance/Pages/NipponIndia-ETF-Nifty-PSU-Bank-BeES.aspx,PSUBNKBEES,PSUBNKBEES.NS,590108,INF204KB16I7,39387,3663.17,0.49,0.09,-0.57,18 years 4 months
EQUITY,SECTORAL,REALTY,Groww Mutual Fund,Groww Nifty Realty ETF,Nifty Realty TRI,https://groww.in/etfs/groww-nifty-realty-etf-ltd,GROWWRLTY,GROWWRLTY.NS,,INF666M01MN2,45939,7.44,0.42,0,,4 months
EQUITY,SECTORAL,REALTY,Motilal Oswal Mutual Fund,Motilal Oswal Nifty Realty ETF,Nifty Realty TRI,https://www.motilaloswalmf.com/mutual-funds/motilal-oswal-nifty-realty-etf,MOREALTY,MOREALTY.NS,140518732,INF247L01CI4,45372,196.77,0.4,0.04,-0.92,1 year 11 months
DEBT,SDL,,Nippon India Mutual Fund,Nippon India ETF Nifty SDL Apr 2026 Top 20 Equal Weight,Nifty SDL Apr 2026 Top 20 Equal Weight Index,https://mf.nipponindiaim.com/FundsAndPerformance/Pages/NipponIndia-ETF-Nifty-SDL-Apr-2026-Top-20-Equal-Weight.aspx,SDL26BEES,SDL26BEES.NS,,INF204KC1022,44286,5052.65,0.2,0.33,0.08,4 years 11 months
EQUITY,THEMATIC,SERVICE SECTOR,Motilal Oswal Mutual Fund,Motilal Oswal Nifty Services Sector ETF,Nifty Service Sector TRI,chrome-extension://efaidnbmnnnibpcajpcglclefindmkaj/https://www.motilaloswalmf.com/CMS/assets/uploads/Documents/9d6b8-2.-annexure-ii-kim_motilal-oswal-nifty-service-sector-etf-clean.pdf,MOSERVICE,MOSERVICE.NS,,INF247L01GJ3,45988,5.1,0.48,0.03,,3 months
EQUITY,BROADER,Nifty Smallcap 100,Zerodha Mutual Fund,Zerodha Nifty Smallcap 100 ETF,Nifty Smallcap 100 TRI,https://www.zerodhafundhouse.com/etfs/zerodha-smallcap-etf-ZESML,SML100CASE,SML100CASE.NS,,INF0R8F01141,45912,11.38,0.18,0.26,,5 months
EQUITY,BROADER,Nifty SmallCap 250,Groww Mutual Fund,Groww Nifty SmallCap ETF,Nifty SmallCap 250 TRI,https://groww.in/etfs/groww-nifty-smallcap-etf,GROWWSC250,GROWWSC250.NS,,INF666M01MO0,45960,8.22,0.3,0,,4 months
EQUITY,BROADER,Nifty SmallCap 250,HDFC Mutual Fund,HDFC Nifty Smallcap 250 ETF,Nifty SmallCap 250 TRI,https://www.hdfcfund.com/explore/mutual-funds/hdfc-nifty-smallcap-250-etf/regularWebsite link,HDFCSML250,HDFCSML250.NS,543775,INF179KC1FB2,44978,1475.69,0.25,0.09,0.33,2 years 12 months
EQUITY,BROADER,Nifty SmallCap 250,Motilal Oswal Mutual Fund,Motilal Oswal Nifty Smallcap 250 ETF,Nifty SmallCap 250 TRI,https://www.motilaloswalmf.com/mutual-funds/motilal-oswal-nifty-smallcap-250-etf,MOSMALL250,MOSMALL250.NS,140518734,INF247L01CH6,45372,127.5,0.3,0.14,-0.37,1 year 11 months
EQUITY,STRATEGIC,Nifty Smallcap250 Momentum Quality 100,Mirae Asset Mutual Fund,Mirae Asset Nifty Smallcap 250 Momentum Quality 100 ETF,Nifty Smallcap250 Momentum Quality 100 TRI,https://miraeassetetf.co.in/our-etfs/fund?nseSymbol=SMALLCAP,SMALLCAP,SMALLCAP.NS,544130,INF769K01LC3,45351,714.95,0.47,0.21,-0.81,1 year 12 months
EQUITY,STRATEGIC,Nifty Top 10,DSP Mutual Fund,DSP Nifty Top 10 Equal Weight ETF,Nifty Top 10 Equal Weight TRI,https://www.dspim.com/invest/mutual-fund-schemes/exchange-traded-funds/Nifty-Top-10-Equal-Weight-ETF/dntte-direct-growth,TOP10ADD,TOP10ADD.NS,544247,INF740KA1UR9,45540,783.24,0.14,0.04,-0.14,1 year 5 months
EQUITY,STRATEGIC,Nifty Top 15,ICICI Prudential Mutual Fund,ICICI Prudential Nifty Top 15 Equal Weight ETF,Nifty Top 15 Equal Weight TRI,https://www.icicietf.com/funds/equity-etf/icici-prudential-nifty-top-15-equal-weight-index-etf,TOP15IETF,TOP15IETF.NS,544427,INF109K1A344,45834,10.86,0.35,0.19,-0.22,8 months
EQUITY,STRATEGIC,Nifty Total Market Factor Indices,Angel One Mutual Fund,Angel One Nifty Total Market Momentum Quality 50 ETF,Nifty Total Market Momentum Quality 50 TRI,https://www.angelone.in/mutual-funds/mf-schemes/angel-one-nifty-total-market-momentum-quality-50-etf,AONETMMQ50,AONETMMQ50.NS,,INF1J2R01148,45964,5.57,0.34,0.48,,3 months
EQUITY,BROADER,Nifty Total Market,Angel One Mutual Fund,Angel One Nifty Total Market ETF,Nifty Total Market TRI,https://www.angelone.in/mutual-funds/mf-schemes/angel-one-nifty-total-market-etf-direct-plan,AONETOTAL,AONETOTAL.NS,,INF1J2R01015,45716,43.86,0.28,0.03,,12 months
GLOBAL EQUITY,NYSE FANG+,,Mirae Asset Mutual Fund,Mirae Asset NYSE FANG+ ETF,NYSE FANG+ TRI,https://miraeassetetf.co.in/our-etfs/fund?nseSymbol=MAFANG,MAFANG,MAFANG.NS,543291,INF769K01HF4,44322,3651.94,0.65,0.04,-0.76,4 years 9 months
GLOBAL EQUITY,S&P 500,,Mirae Asset Mutual Fund,Mirae Asset S&P 500 Top 50 ETF,S&P 500 Top 50 TRI,https://www.miraeassetmf.co.in/digitalfactsheets/2022_Nov/innerpages/S-and-P-500-TOP-50-ETF.html,MASPTOP50,MASPTOP50.NS,543365,INF769K01HP3,44459,1003.99,0.6,0.05,-1.19,4 years 5 months
EQUITY,BROADER,BSE 500,HDFC Mutual Fund,HDFC S&P BSE 500 ETF,S&P BSE 500 TRI,https://www.hdfcfund.com/explore/mutual-funds/hdfc-bse-500-etf/regular,HDFCBSE500,HDFCBSE500.NS,543774,INF179KC1EZ4,44972,19.03,0.3,0.2,-0.39,3 years 0 months
EQUITY,BROADER,BSE Sensex,Aditya Birla Sun Life MF,Aditya Birla Sun Life BSE Sensex ETF,S&P BSE Sensex TRI,https://mutualfund.adityabirlacapital.com/products/wealth-creation-solutions/aditya-birla-sun-life-bse-sensex-etf,BSLSENETFG,BSLSENETFG.NS,540008,INF209KB10E8,42569,289,0.04,0.03,-1.35,9 years 7 months
EQUITY,BROADER,BSE Sensex,Axis Mutual Fund,Axis S&P BSE SENSEX ETF,S&P BSE Sensex TRI,https://www.axismf.com/mutual-funds/etfs/axis-bse-sensex-etf/pe-gp,AXSENSEX,AXSENSEX.NS,543853,INF846K010Q0,45014,136,0.04,0.03,-0.26,2 years 11 months
EQUITY,BROADER,BSE Sensex,DSP Mutual Fund,DSP BSE Sensex ETF,S&P BSE Sensex TRI,https://www.dspim.com/invest/mutual-fund-schemes/exchange-traded-funds/s-p-bse-sensex-etf/dspbs-direct-growth,SENSEXADD,SENSEXADD.NS,543947,INF740KA1SZ6,45140,8.46,0.08,0.02,0.27,2 years 6 months
EQUITY,BROADER,BSE Sensex,Edelweiss Mutual Fund,Edelweiss BSE Sensex ETF,S&P BSE Sensex TRI,https://www.edelweissmf.com/types-of-mutual-funds/index-fund/edelweiss-bse-sensex-etf,ESENSEX,ESENSEX.NS,,,45981,15.92,0.06,0.15,,3 months
EQUITY,BROADER,BSE Sensex,HDFC Mutual Fund,HDFC S&P BSE Sensex ETF,S&P BSE Sensex TRI,https://www.hdfcfund.com/explore/mutual-funds/hdfc-bse-sensex-etf/regular,HDFCSENSEX,HDFCSENSEX.NS,539517,INF179KC1HX2,42347,548,0.05,0.02,0.02,10 years 2 months
EQUITY,BROADER,BSE Sensex,ICICI Prudential Mutual Fund,ICICI Prudential BSE Sensex ETF,S&P BSE Sensex TRI,https://www.icicietf.com/funds/equity-etf/icici-prudential-bse-sensex-etf,SENSEXIETF,SENSEXIETF.NS,555555,INF346A01034,41843,23154.82,0.02,0.02,0.5,11 years 7 months
EQUITY,BROADER,BSE Sensex,Kotak Mahindra Mutual Fund,Kotak S&P BSE Sensex ETF,S&P BSE Sensex TRI,https://www.kotakmf.com/mutual-funds/passive-funds/kotak-bse-sensex-etf,SENSEX1,SENSEX1.BO,532985,INF194KA1T91,39605,91.13,0.18,0.02,-0.2,17 years 8 months
EQUITY,BROADER,BSE Sensex,LIC Mutual Fund,LIC MF Exchange Traded Fund- SENSEX9,S&P BSE Sensex TRI,https://www.licmf.com/snapshot/lic-mf-bse-sensex-etf/LIC176,LICNETFSEN,LICNETFSEN.NS,539487,INF767K01OT5,42338,766,0.11,0.09,-0.1,10 years 3 months
EQUITY,BROADER,BSE Sensex,Mirae Asset Mutual Fund,Mirae Asset S&P BSE Sensex ETF,S&P BSE Sensex TRI,https://www.miraeassetmf.co.in/mutual-fund-scheme/etf/mirae-asset-s-p-bse-sensex-etf,SENSEXETF,SENSEXETF.NS,543999,INF769K01KT9,45205,20,0.05,0.03,-0.1,2 years 4 months
EQUITY,BROADER,BSE Sensex,Nippon India Mutual Fund,Nippon India ETF S&P BSE Sensex,S&P BSE Sensex TRI,https://etf.nipponindiaim.com/Funds/details/15,SENSEXBEES,SENSEXBEES.BO,538683,INF204KA1UN7,41906,22060,0.04,0.02,-0.09,11 years 5 months
EQUITY,BROADER,BSE Sensex,SBI Mutual Fund,SBI Sensex ETF,S&P BSE Sensex TRI,https://www.sbimf.com/sbimf-scheme-details/sbi-s--p-bse-sensex-etf-formerly-known-as-(sbi-etf-sensex)-294,SBISENSEX,SBISENSEX.BO,535276,INF200K01VT2,41348,123001,0.04,0.02,-0.09,12 years 11 months
EQUITY,BROADER,BSE Sensex,UTI Mutual Fund,UTI BSE Sensex ETF,S&P BSE Sensex TRI,https://www.utimf.com/mutual-funds/uti-bse-sensex-etf,UTISENSETF,UTISENSETF.NS,539312,INF789FB1X58,42248,52972,0.05,0.02,-0.08,10 years 6 months
