category,amc,etf,benchmark_index,website_link,nse_ticker,bse_ticker,isin_code,date_of_inception,aum_in_cores,expense_ratio,overall_tracking_error,overall_tracking_difference,years_in_operation
Nifty 200,Aditya Birla Sun Life MF,Aditya Birla Sun Life Nifty 200 Momentum 30 ETF,Nifty 200 Momentum 30 TRI,https://mutualfund.adityabirlacapital.com/products/wealth-creation-solutions/aditya-birla-sun-life-nifty-200-momentum-30-etf,MOMENTUM,543575,INF209KB14K7,19-08-2022,46.55,0.29,0.26,-0.5,3.27
Nifty 200,Aditya Birla Sun Life MF,Aditya Birla Sun Life Nifty 200 Quality 30 ETF,Nifty 200 Quality 30 TRI,https://mutualfund.adityabirlacapital.com/products/wealth-creation-solutions/aditya-birla-sun-life-nifty-200-quality-30-etf,NIFTYQLITY,543574,INF209KB15K4,19-08-2022,28.89,0.29,0.07,-0.38,3.27
Nifty 50,Aditya Birla Sun Life MF,Aditya Birla Sun Life Nifty 50 ETF,Nifty 50 TRI,https://mutualfund.adityabirlacapital.com/products/wealth-creation-solutions/aditya-birla-sun-life-nifty-50-etf,BSLNIFTY,543474,INF209KB19DI,22-07-2011,2988,0.04,0.03,-0.17,14.32
SENSEX,Aditya Birla Sun Life MF,Aditya Birla Sun Life BSE Sensex ETF,S&P BSE Sensex TRI,https://mutualfund.adityabirlacapital.com/products/wealth-creation-solutions/aditya-birla-sun-life-bse-sensex-etf,BSLSENETFG,540008,INF209KB10E8,18-07-2016,289,0.04,0.03,-1.35,9.34
Nifty Next 50,Aditya Birla Sun Life MF,Aditya Birla Sun Life Nifty Next 50 ETF,Nifty Next 50 TRI,https://mutualfund.adityabirlacapital.com/products/wealth-creation-solutions/aditya-birla-sun-life-nifty-next-50-etf,ABSLNN50ET,542230,INF209KB16D7,11-08-2012,96.06,0.09,0.11,-0.23,13.28
Nifty Total Market,Angel One Mutual Fund,Angel One Nifty Total Market ETF,Nifty Total Market TRI,https://www.angelone.in/mutual-funds/mf-schemes/angel-one-nifty-total-market-etf-direct-plan,AONETOTAL,,INF1J2R01015,28-02-2025,43.86,0.28,0.03,,0.74
Nifty 50,Axis Mutual Fund,Axis Nifty 50 ETF,Nifty 50 TRI,https://www.axismf.com/mutual-funds/etfs/axis-nifty-50-etf/ne-gp,AXISNIFTY,,INF846K01W98,03-07-2017,1101,0.04,0.03,0.02,8.36
SENSEX,Axis Mutual Fund,Axis S&P BSE SENSEX ETF,S&P BSE Sensex TRI,https://www.axismf.com/mutual-funds/etfs/axis-bse-sensex-etf/pe-gp,AXSENSEX,543853,INF846K010Q0,29-03-2023,136,0.04,0.03,-0.26,2.64
Nifty 500,Axis Mutual Fund,Axis Nifty500 Value 50 ETF,NIFTY 500 Value 50 TRI,https://www.axismf.com/mutual-funds/etfs/axis-nifty500-value-50-etf/ve-gp,AXISVALUE,544382,INF846KA1119,20-03-2025,15.22,0..25,0.79,1.21,0.68
Nifty 50,Bandhan Mutual Fund,Bandhan Nifty 50 ETF,Nifty 50 TRI,https://hubmobile.bandhanamc.com/etf/,IDFNIFTYET,,INF194KA1U07,07-10-2016,21,0.09,0.03,-0.24,9.1
Nifty 50,DSP Mutual Fund,DSP Nifty 50 ETF,Nifty 50 TRI,https://www.dspim.com/invest/mutual-fund-schemes/exchange-traded-funds/nifty-50/dnyet-direct-growth#schemeFundDetails,NIFTY50ADD,543440,INF740KA1CL0,30-12-2021,160,0.07,0.02,-0.01,3.87
SENSEX,DSP Mutual Fund,DSP BSE Sensex ETF,S&P BSE Sensex TRI,https://www.dspim.com/invest/mutual-fund-schemes/exchange-traded-funds/s-p-bse-sensex-etf/dspbs-direct-growth,SENSEXADD,543947,INF740KA1SZ6,02-08-2023,8.46,0.08,0.02,0.27,2.3
Nifty MidCap 150,DSP Mutual Fund,DSP Nifty Midcap 150 Quality 50 ETF,Nifty Midcap 150 Quality 50 TRI,https://www.dspim.com/invest/mutual-fund-schemes/exchange-traded-funds/nifty-midcap-150-quality-50/dnmcf-direct-growth#schemeFundDetails,MIDQ50ADD,,INF740KA1QL0,30-12-2021,104.35,0.3,0.09,-0.25,3.91
Nifty 500,DSP Mutual Fund,DSP Nifty500 Flexicap Quality 30 ETF,Nifty500 Flexicap Quality 30 TRI,https://www.dspim.com/invest/mutual-fund-schemes/exchange-traded-funds/dsp-nifty500-flexicap-quality-30-etf/dnfqe-direct-growth,FLEXIADD,544581,INF740KA1WU9,16-10-2025,10.33,0.31,0.01,0.14,0.13
Nifty 50,DSP Mutual Fund,DSP Nifty 50 Equal Weight ETF,Nifty 50 Equal Weight TRI,https://www.dspim.com/invest/mutual-fund-schemes/exchange-traded-funds/nifty-50-equal-weight/dnew-direct-daily-idcw,EQUAL50ADD,543388,INF740KA1QK2,08-11-2021,609.68,0.2,0.03,-0.37,4.08
Nifty 500,Edelweiss Mutual Fund,Edelweiss Nifty 500 Multicap MQ 50 ETF,Nifty500 Multicap Momentum Quality 50 TRI,https://www.edelweissmf.com/types-of-mutual-funds/index-fund/edelweiss-nifty500-multicap-momentum-quality-50-etf,EMULTIMQ,,INF754K01TF1,07-11-2024,31.1,0.31,0.47,-0.59,1.05
Nifty LargeMidcap 250,Edelweiss Mutual Fund,Edelweiss Nifty LargeMidcap 250 ETF,Nifty LargeMidcap 250 TRI,https://www.edelweissmf.com/factsheet/factsheets/Exchange-Traded-Funds/Nifty-LargeMidcap-250-ETF.html,ELM250,,INF754K01VV4,09-09-2025,80.2,1.09,0.06,0.04,0.21
Nifty 200,Groww Mutual Fund,Groww Nifty 200 ETF,Nifty 200 TRI,https://groww.in/etfs/groww-nifty-etf,GROWWN200,,INF666M01JV1,28-02-2025,0.12,0.35,0,,0.74
Nifty 500,Groww Mutual Fund,Groww Nifty 500 Momentum 50 ETF,Nifty 500 Momentum 50 TRI,https://groww.in/etfs/groww-nifty-momentum-etf,GROWWMOM50,,INF666M01KJ4,24-04-2025,20.29,0.44,,,0.59
Nifty 500,Groww Mutual Fund,Groww Nifty 500 Low Volatility 50 ETF,Nifty 500 Low Volatility 50 TRI,https://groww.in/etfs/groww-nifty-500-low-volatility-50-etf-ltd,GROWWLOVOL,,INF666M01LB9,17-06-2025,4.79,0.32,,,0.44
Nifty 50,Groww Mutual Fund,Groww Nifty 50 ETF,Nifty 50 TRI,https://www.growwmf.in/downloads/sid,GROWWNIFTY,,INF666M01LL8,22-07-2025,12,0.16,0,,0.3
Nifty Next 50,Groww Mutual Fund,Groww Nifty Next 50 ETF,Nifty Next 50 TRI,https://groww.in/etfs/groww-nifty-next-50-etf-ltd,GROWWNXT50,,INF666M01LZ8,26-08-2025,,,0,,0.24
Nifty SmallCap 250,Groww Mutual Fund,Groww Nifty SmallCap ETF,Nifty SmallCap 250 TRI,https://groww.in/etfs/groww-nifty-smallcap-etf,GROWWSC250,,INF666M01MO0,30-10-2025,8.22,0.3,0,,0.07
Nifty 200,HDFC Mutual Fund,HDFC Nifty200 Momentum 30 ETF,Nifty 200 Momentum 30 TRI,https://www.hdfcfund.com/explore/mutual-funds/hdfc-nifty200-momentum-30-etf/regular,HDFCMOMENT,543628,INF179KC1HV6,17-10-2022,98.75,0.3,0.16,-0.66,3.11
Nifty 50,HDFC Mutual Fund,HDFC Nifty 50 ETF,Nifty 50 TRI,https://www.hdfcfund.com/explore/mutual-funds/hdfc-nifty-50-exchange-traded-fund/regular,HDFCNIFTY,539516,INF179KC1965,16-12-2015,4721,0.05,0.02,-0.13,9.91
Nifty 50,HDFC Mutual Fund,HDFC NIFTY50 VALUE 20 ETF,NIFTY50 VALUE 20 Index,https://www.hdfcfund.com/explore/mutual-funds/hdfc-nifty50-value-20-etf/regular,HDFCVALUE,,INF179KC1DK8,29-09-2022,36.53,0.2,0.05,-0.33,3.19
SENSEX,HDFC Mutual Fund,HDFC S&P BSE Sensex ETF,S&P BSE Sensex TRI,https://www.hdfcfund.com/explore/mutual-funds/hdfc-bse-sensex-etf/regular,HDFCSENSEX,539517,INF179KC1HX2,09-12-2015,548,0.05,0.02,0.02,9.95
Nifty Next 50,HDFC Mutual Fund,HDFC Nifty Next 50 ETF,Nifty Next 50 TRI,https://www.hdfcfund.com/explore/mutual-funds/hdfc-nifty-next-50-exchange-traded-fund/regular,HDFCNEXT50,543570,INF179KC1HS2,11-08-2022,94.01,0.25,0.05,-0.36,3.28
Nifty 100,HDFC Mutual Fund,HDFC Nifty 100 ETF,Nifty 100 TRI,https://www.hdfcfund.com/explore/mutual-funds/hdfc-nifty-100-exchange-traded-fund/regular,HDFCNIF100,543569,INF179KC1HR4,11-08-2022,38.97,0.3,0.02,-0.4,3.28
Nifty 100,HDFC Mutual Fund,HDFC NIFTY100 Quality 30 ETF,Nifty100 Quality 30 TRI,https://www.hdfcfund.com/explore/mutual-funds/hdfc-nifty-100-quality-30-etf/regular,HDFCQUAL,543605,INF179KC1DL6,29-09-2022,22.55,0.3,0.08,-0.27,3.15
Nifty 100,HDFC Mutual Fund,HDFC Nifty100 Low Volatility 30 ETF,Nifty100 Low Volatility 30 TRI,https://www.hdfcfund.com/explore/mutual-funds/hdfc-nifty100-low-volatility-30-etf/regular,HDFCLOWVOL,543627,INF179KC1HU8,17-10-2022,13.87,0.3,0.03,-0.53,3.1
Nifty SmallCap 250,HDFC Mutual Fund,HDFC NIFTY Smallcap 250 ETF,Nifty SmallCap 250 TRI,https://www.hdfcfund.com/explore/mutual-funds/hdfc-nifty-smallcap-250-etf/regularWebsite link,HDFCSML250,543775,INF179KC1FB2,21-02-2023,1475.69,0.25,0.09,0.33,2.76
SENSEX,ICICI Prudential MF,ICICI Prudential BSE Sensex ETF,S&P BSE Sensex TRI,https://www.icicietf.com/funds/equity-etf/icici-prudential-bse-sensex-etf,SENSEXIETF,555555,INF346A01034,23-07-2014,23154.82,0.02,0.02,0.5,11.33
Nifty Next 50,ICICI Prudential MF,ICICI Prudential Nifty Next 50 ETF,Nifty Next 50 TRI,https://digitalfactsheet.icicipruamc.com/passive/icici-prudential-nifty-next-50-etf.php,NEXT50IETF,541809,INF109KC1NS5,30-08-2018,1847.78,0.1,0.05,-0.25,7.23
Nifty 100,ICICI Prudential MF,ICICI Prudential Nifty 100 ETF,Nifty 100 TRI,https://digitalfactsheet.icicipruamc.com/passive/icici-prudential-nifty-100-etf.php,NIF100IETF,537008,INF109KC16V9,26-08-2016,154.02,0.48,0.02,-0.4,9.24
Nifty 100,ICICI Prudential MF,ICICI Prudential Nifty 100 Low Volatility 30 ETF,Nifty 100 Low Volatility 30 TRI,chrome-extension://efaidnbmnnnibpcajpcglclefindmkaj/https://digitalfactsheet.icicipruamc.com/passive/pdf/icici-prudential-nifty-100-low-volatility-30-etf.pdf,LOWVOLIETF,540612,INF109KC19U5,10-07-2017,3809.13,0.41,0.05,-0.44,8.37
Nifty 50,ICICI Prudential MF,ICICI Prudential Nifty 50 ETF,Nifty 50 TRI,https://www.icicietf.com/funds/equity-etf/icici-prudential-nifty-50-etf,NIFTYIIETF,537007,INF109K012R6,20-03-2013,32453,0.02,0.02,-0.13,12.65
Nifty 200,ICICI Prudential MF,ICICI Prudential Nifty 200 Momentum 30 ETF,Nifty 200 Momentum 30 TRI,chrome-extension://efaidnbmnnnibpcajpcglclefindmkaj/https://digitalfactsheet.icicipruamc.com/passive/pdf/icici-prudential-nifty-200-momentum-30-etf.pdf,MOM30IETF,543568,INF109KC17C7,10-08-2022,615.4,0.3,0.24,-0.41,3.29
Nifty 200,ICICI Prudential MF,ICICI Prudential Nifty 200 Quality 30 ETF,Nifty 200 Quality 30 TRI,https://www.icicietf.com/funds/equity-etf/icici-prudential-nifty-200-quality-30-etf,QUAL30IETF,,INF109KC18V5,10-08-2023,175,0.3,0.05,-0.46,2.29
Nifty 200,Kotak Mahindra Mutual Fund,Kotak Nifty 200 Quality 30 ETF,Nifty 200 Quality 30 TRI,https://www.kotakmf.com/mutual-funds/passive-funds/kotak-nifty200-quality-30-etf,QUALITY30,,INF174KA1WT6,18-07-2025,0.01,0.25,0.05,-0.26,0.35
Nifty 200,Kotak Mahindra Mutual Fund,Kotak Nifty 200 Momentum 30 ETF,Nifty 200 Momentum 30 TRI,https://www.kotakmf.com/mutual-funds/passive-funds/kotak-nifty-200-momentum-30-etf,MOMENTUM30,,INF174KA1XS6,17-10-2025,5.23,0.24,0.44,-2.62,0.1
Nifty 50,Kotak Mahindra Mutual Fund,Kotak Mahindra Nifty 50 ETF,Nifty 50 TRI,https://www.kotakmf.com/mutual-funds/passive-funds/kotak-nifty-50-etf,NIFTY1,,INF174K014P6,11-02-2010,3140,0.03,0.02,-0.05,15.76
SENSEX,Kotak Mahindra Mutual Fund,Kotak S&P BSE Sensex ETF,S&P BSE Sensex TRI,https://www.kotakmf.com/mutual-funds/passive-funds/kotak-bse-sensex-etf,,532985,INF194KA1T91,06-06-2008,91.13,0.18,0.02,-0.2,17.46
Nifty 100,Kotak Mahindra Mutual Fund,Kotak Nifty 100 Low Volatility 30 ETF,Nifty 100 Low Volatility 30 TRI,https://www.kotakmf.com/factsheet/June_2025/kotak/KOTAK-NIFTY-100-LOW-VOLATILITY-30-ETF.html,LOWVOL1,,INF174KA1IY5,29-03-2022,170.53,0.09,0.04,-0.24,3.65
Nifty 100,Kotak Mahindra Mutual Fund,Kotak Nifty 100 Equal Weight ETF,Nifty 100 Equal Weight TRI,https://www.kotakmf.com/factsheet/october_2025/kotak/KOTAK-Nifty-100-Equal-Weight-ETF.html,NIFTY100EW,,INF174KA1UW4,04-03-2025,2.88,0.25,0.15,-0.57,0.72
Nifty Midcap 50,Kotak Mahindra Mutual Fund,Kotak Nifty Midcap 50 ETF,Nifty Midcap 50 TRI,https://www.kotakmf.com/mutual-funds/passive-funds/kotak-nifty-midcap-50-etf,MIDCAP,,INF174KA1IB3,04-02-2022,87,0.05,0.14,-0.48,3.81
Nifty Alpha 50,Kotak Mahindra Mutual Fund,Kotak Nifty Alpha 50 ETF,Nifty Alpha 50 TRI,https://www.kotakmf.com/mutual-funds/passive-funds/kotak-nifty-alpha-50-etf,ALPHA,,INF174KA1IA5,29-12-2021,748,0.3,0.27,-2.06,3.94
Nifty 50,LIC Mutual Fund,LIC Nifty 50 ETF,Nifty 50 TRI,https://www.licmf.com/snapshot/lic-mf-etf-nifty-50/LIC175,LICNETFN50,,INF767K01OS7,30-11-2015,863,0.06,0.06,-0.18,9.95
SENSEX,LIC Mutual Fund,LIC MF Exchange Traded Fund- SENSEX9,S&P BSE Sensex TRI,https://www.licmf.com/snapshot/lic-mf-bse-sensex-etf/LIC176,LICNETFSEN,539487,INF767K01OT5,30-11-2015,766,0.11,0.09,-0.1,9.98
Nifty 100,LIC Mutual Fund,LIC MF Exchange Traded Fund - Nifty 100,Nifty 100 TRI,https://www.licmf.com/snapshot/lic-mf-etf-nifty-100/LIC177,LICNFNHGP,539784,INF767K01PC8,28-03-2016,769.66,0.28,0.08,-0.38,9.66
Nifty 200,Mirae Asset Mutual Fund,Mirae Asset Nifty 200 Alpha 30 ETF,Nifty 200 Alpha 30 Index,chrome-extension://efaidnbmnnnibpcajpcglclefindmkaj/https://www.miraeassetmf.co.in/docs/default-source/product-presentations/nifty-200-alpha-30-etf-ppt.pdf,ALPHAETF,,INF769K01KU7,27-10-2023,432,0.47,0.25,-0.88,2.08
SENSEX,Mirae Asset Mutual Fund,Mirae Asset S&P BSE Sensex ETF,S&P BSE Sensex TRI,https://www.miraeassetmf.co.in/mutual-fund-scheme/etf/mirae-asset-s-p-bse-sensex-etf,SENSEXETF,543999,INF769K01KT9,06-10-2023,20,0.05,0.03,-0.1,2.12
Nifty Next 50,Mirae Asset Mutual Fund,Mirae Asset Nifty Next 50 ETF (MANxt50ETF),Nifty Next 50 TRI,https://www.miraeassetmf.co.in/mutual-fund-scheme/etf/mirae-asset-nifty-next-50-etf,NEXT50,542922,INF769K01FN2,31-01-2020,872.46,0.05,0.13,-0.48,5.81
Nifty 50,Mirae Asset Mutual Fund,Mirae Asset Nifty 50 ETF,Nifty 50 TRI,https://www.miraeassetmf.co.in/mutual-fund-scheme/etf/mirae-asset-nifty-50-etf,NIFTYETF,,INF769K01EG9,26-11-2018,4489,0.04,0.02,-0.12,6.96
Nifty 500,Mirae Asset Mutual Fund,Mirae Asset Nifty 500 Multicap ETF,Nifty 500 MultiCap 50:25:25 TRI,https://www.miraeassetmf.co.in/mutual-fund-scheme/etf/mirae-asset-nifty500-multicap-50-25-25-etf,MULTICAP,,INF769K01LX9,05-09-2024,51.56,0,0.08,-0.3,1.22
Nifty SmallCap 250,Mirae Asset Mutual Fund,Mirae Asset Nifty Smallcap 250 Momentum Quality 100 ETF,Nifty Smallcap250 Momentum Quality 100 TRI,https://miraeassetetf.co.in/our-etfs/fund?nseSymbol=SMALLCAP,SMALLCAP,544130,INF769K01LC3,29-02-2024,714.95,0.47,0.21,-0.81,1.74
Nifty MidSmallCap 400,Mirae Asset Mutual Fund,Mirae Asset Nifty MidSmallcap400 Momentum Quality 100 ETF,Nifty MidSmallcap400 Momentum Quality 100 TRI,https://www.miraeassetmf.co.in/mutual-fund-scheme/etf/mirae-asset-nifty-midsmallcap400-momentum-quality-100-etf,MIDSMALL,544180,INF769K01LJ8,28-05-2024,50.72,0.46,0.12,-0.58,1.5
Nifty 50,Mirae Asset Mutual Fund,Mirae Asset Nifty50 Equal Weight ETF,Nifty 50 Equal Weight TRI,https://miraeassetetf.co.in/our-etfs/fund?nseSymbol=EQUAL50,EQUAL50,544401,INF769K01OO2,15-05-2025,92.28,0.11,0.21,-0.21,0.56
Nifty 50,Motilal Oswal Mutual Fund,Motilal Oswal Nifty 50 ETF,Nifty 50 TRI,https://www.motilaloswalmf.com/etf/motilal-oswal-nifty-50-etf#Overview,MOM50,,INF247L01536,30-07-2010,59,0.05,0.02,-1.17,15.29
Nifty Next 50,Motilal Oswal Mutual Fund,Motilal Oswal Nifty Next 50 ETF,Nifty Next 50 TRI,https://www.motilaloswalmf.com/mutual-funds/motilal-oswal-nifty-next-50-index-fund,MONEXT50,,INF247L01FD8,14-05-2025,1.45,0.2,0.26,-0.17,0.52
Nifty 100,Motilal Oswal Mutual Fund,Motilal Oswal Nifty 100 ETF,Nifty 100 TRI,https://www.motilaloswalmf.com/etf/motilal-oswal-nifty-100-etf,,,INF247L01GG9,13-10-2025,,0.5,0.07,-0.19,0.11
Nifty 200,Motilal Oswal Mutual Fund,Motilal Oswal Nifty 200 Momentum 30 ETF,Nifty 200 Momentum 30 TRI,https://www.motilaloswalmf.com/etf/motilal-oswal-nifty-200-momentum-30-etf,MOMOMENTUM,543465,INF247L01BK2,17-02-2022,133.57,0.3,0.33,-0.59,3.77
Nifty 500,Motilal Oswal Mutual Fund,Motilal Oswal Nifty 500 Momentum 50 ETF,Nifty 500 Momentum 50 TRI,https://www.motilaloswalmf.com/mutual-funds/motilal-oswal-nifty-500-momentum-50-etf#Overview,MOMENTUM50,,INF247L01DK8,30-09-2024,258.77,0.41,0.38,-0.84,1.15
Nifty 500,Motilal Oswal Mutual Fund,Motilal Oswal Nifty 500 ETF,NIFTY 500 Total Return Index,https://www.motilaloswalmf.com/mutual-funds/motilal-oswal-nifty-500-etf,MONIFTY500,,INF247L01BU1,06-10-2023,179.51,0.21,0.02,-0.29,2.14
Nifty Midcap 150,Motilal Oswal Mutual Fund,Motilal Oswal Nifty Midcap150 Momentum 50 ETF,Nifty Midcap 150 Momentum 50 TRI,https://www.motilaloswalmf.com/etf/motilal-oswal-nifty-midcap-150-momentum-50-etf#Overview,MOMIDMTM,,INF247L01FQ0,03-07-2025,0.26,0.53,0.1,-1.02,0.4
Nifty Alpha 50,Motilal Oswal Mutual Fund,Motilal Oswal Nifty Alpha 50 ETF,Nifty Alpha 50 TRI,https://www.motilaloswalmf.com/etf/motilal-oswal-nifty-alpha-50-etf,MOALPHA50,,INF247L01FR8,07-07-2025,5.71,0.53,0.29,-0.3,0.39
Nifty SmallCap 250,Motilal Oswal Mutual Fund,Motilal Oswal Nifty Smallcap 250 ETF,Nifty SmallCap 250 TRI,https://www.motilaloswalmf.com/mutual-funds/motilal-oswal-nifty-smallcap-250-etf,MOSMALL250,140518734,INF247L01CH6,21-03-2024,127.5,0.3,0.14,-0.37,1.68
Nifty 50,Motilal Oswal Mutual Fund,Motilal Oswal Nifty 50 Equal Weight ETF,Nifty 50 Equal Weight TRI,https://www.motilaloswalmf.com/etf/motilal-oswal-nifty-50-etf,MON50EQUAL,,INF247L01FC0,07-05-2025,52.38,0.16,0.05,0.07,0.58
Nifty 50,Nippon India Mutual Fund,Nippon India ETF Nifty 50 BeES,Nifty 50 TRI,https://etf.nipponindiaim.com/Funds/details/14,NIFTYBEES,,INF204KB14I2,08-02-2002,50974.75,0.04,0.02,-0.35,23.78
SENSEX,Nippon India Mutual Fund,Nippon India ETF S&P BSE Sensex,S&P BSE Sensex TRI,https://etf.nipponindiaim.com/Funds/details/15,,538683,INF204KA1UN7,24-09-2014,22060,0.04,0.02,-0.09,11.16
Nifty Next 50,Nippon India Mutual Fund,Nippon India ETF Nifty Next 50 Junior BeES,Nifty Next 50 TRI,https://mf.nipponindiaim.com/FundsAndPerformance/Pages/NipponIndia-ETF-Nifty-Next-50-Junior-BeES.aspx,JUNIORBEES,590104,INF732E01045,06-03-2006,6867.09,0.17,0.06,-1.01,19.72
Nifty 100,Nippon India Mutual Fund,Nippon India ETF Nifty 100,Nifty 100 TRI,https://etf.nipponindiaim.com/Funds/details/2,NIF100BEES,537483,INF204K014N5,22-03-2013,318.6,0.5,0.03,-0.92,12.68
Nifty 50,Quantum Mutual Fund,Quantum Nifty 50 ETF,Nifty 50 TRI,https://www.quantumamc.com/equity-funds/quantum-nifty-etf-fund,QNIFTY,,INF082J01028,18-07-2008,77,0.09,0.05,-0.07,17.33
Nifty 50,SBI Mutual Fund,SBI Nifty 50 ETF,Nifty 50 TRI,https://www.sbimf.com/sbimf-scheme-details/sbi-nifty-50-etf-433,SETFNIF50,,INF200KA1FS1,27-07-2015,212190.58,0.04,0.01,-0.08,10.3
SENSEX,SBI Mutual Fund,SBI Sensex ETF,S&P BSE Sensex TRI,https://www.sbimf.com/sbimf-scheme-details/sbi-s--p-bse-sensex-etf-formerly-known-as-(sbi-etf-sensex)-294,,535276,INF200K01VT2,15-03-2013,123001,0.04,0.02,-0.09,12.69
Nifty Next 50,SBI Mutual Fund,SBI Nifty Junior ETF,Nifty Next 50 TRI,https://www.sbimf.com/sbimf-scheme-details/sbi-nifty-next-50-etf-formerly-known-as-(sbi-etf-nifty-next-50)-416,SETFNN50,,INF200KA1598,25-03-2015,2683.24,0.12,0.06,-0.31,10.67
Nifty 50,SBI Mutual Fund,SBI Nifty50 Equal Weight ETF,Nifty 50 Equal Weight TRI,https://etf.sbimf.com/sbimf-scheme-details/sbi-nifty-50-etf-433,SBINEQWETF,544215,INF200KB1282,23-07-2024,28.83,0.3,0.04,-0.42,1.37
Nifty 50,Tata Mutual Fund,Tata Nifty 50 ETF,Nifty 50 TRI,https://www.tatamutualfund.com/mutual-funds/tata-nifty-50-exchange-traded-fund-direct-growth,NETF,,INF277K015R5,01-01-2019,709,0.06,0.17,-0.09,6.87
Nifty 50,UTI Mutual Fund,UTI Nifty 50 ETF,Nifty 50 TRI,https://www.utimf.com/mutual-funds/uti-nifty-50-etf,UTINIFTETF,,INF789F1AZC0,03-09-2015,67853,0.05,0.13,-0.06,10.2
SENSEX,UTI Mutual Fund,UTI BSE Sensex ETF,S&P BSE Sensex TRI,https://www.utimf.com/mutual-funds/uti-bse-sensex-etf,UTISENSETF,539312,INF789FB1X58,01-09-2015,52972,0.05,0.02,-0.08,10.22
Nifty Next 50,UTI Mutual Fund,UTI Nifty Next 50 Exchange Traded Fund,Nifty Next 50 TRI,https://www.utimf.com/mutual-funds/uti-nifty-next-50-exchange-traded-fund,UTINEXT50,540669,INF789F1AUW9,08-08-2017,2120.08,0.15,0,-0.1,8.29
Nifty 100,Zerodha Fund House,Zerodha Nifty 100 ETF,Nifty 100 TRI,https://www.zerodhafundhouse.com/etfs/zerodha-nifty-100-etf-ZE100,TOP100CASE,544194,INF0R8F01067,19-06-2024,89.05,0.25,-0.15,0.03,1.42
Nifty SmallCap 250,Zerodha Fund House,Zerodha Nifty Smallcap 100 ETF,Nifty Smallcap 100 TRI,https://www.zerodhafundhouse.com/etfs/zerodha-smallcap-etf-ZESML,SML100CASE,,INF0R8F01141,12-09-2025,11.38,0.18,0.26,,0.21
Bank,Aditya Birla Sun Life MF,Aditya Birla Sun Life Banking ETF,Nifty Bank TRI,https://mutualfund.adityabirlacapital.com/products/wealth-creation-solutions/aditya-birla-sun-life-nifty-bank-etf,ABSLBANETF,542863,INF209KB17D5,30-10-2019,2788.9,0.14,0.02,-0.27,6.11
Financial Services,Aditya Birla Sun Life MF,Aditya Birla Sun Life Nifty Financial Services ETF,Nifty Financial Services TRI,https://mutualfund.adityabirlacapital.com/campaign/aditya-birla-sun-life-nifty-financial-services-etf,ABSLFINSRV,,INF209KB15I8,03-08-2022,,,,,3.35
Healthcare,Aditya Birla Sun Life MF,Aditya Birla Sun Life Nifty Healthcare ETF,Nifty Healthcare TRI,https://mutualfund.adityabirlacapital.com/products/wealth-creation-solutions/aditya-birla-sun-life-nifty-healthcare-etf,HEALTHY,543473,INF209KB10C2,28-10-2021,38.1,0.19,0.04,-0.02,4.11
IT,Aditya Birla Sun Life MF,Aditya Birla Sun Life Nifty IT ETF,NIFTY IT TRI,https://mutualfund.adityabirlacapital.com/products/wealth-creation-solutions/aditya-birla-sun-life-nifty-it-etf,TECH,543472,INF209KB11D8,03-11-2021,216.72,0.19,0.06,-0.34,4.09
Bank,Axis Mutual Fund,Axis NIFTY Bank ETF,Nifty Bank TRI,https://www.axismf.com/mutual-funds/etfs/axis-nifty-bank-etf/be-gp,AXISBNKETF,,INF846K01X63,09-11-2020,387.91,0.2,0.04,0.44,5.08
Healthcare,Axis Mutual Fund,Axis NIFTY Healthcare ETF,Nifty Healthcare TRI,https://www.axismf.com/mutual-funds/etfs/axis-nifty-healthcare-etf/he-gp,AXISHCETF,543348,INF846K01Z12,21-05-2021,20.22,0.34,0.03,-0.67,4.55
IT,Axis Mutual Fund,Axis NIFTY IT ETF,NIFTY IT TRI,https://www.axismf.com/mutual-funds/etfs/axis-nifty-it-etf/te-gp,AXISTECETF,543347,INF846K01Y96,31-03-2021,178.57,0.23,0.06,-0.79,4.69
Bank,Bajaj Finserv Mutual Fund,Bajaj Finserv Nifty Bank ETF,Nifty Bank TRI,https://www.bajajfinserv.in/investments/bajaj-finserv-nifty-bank-etf,BANKBETF,544093,INF0QA701714,29-01-2024,360.84,0.13,0.05,-0.16,1.85
Bank,Baroda BNP Paribas Mutual Fund,Baroda BNP Paribas Nifty Bank ETF,Nifty Bank TRI,https://www.barodabnpparibasmf.in/efactsheet/Sep2025/Innerpages/NIFTY-BANK-ETF.html,BBNPNBETF,544196,INF251K01TL6,24-06-2024,3.5,0.09,0.09,-0.27,1.45
Bank,DSP Mutual Fund,DSP Nifty Bank ETF,Nifty Bank TRI,https://www.dspim.com/invest/mutual-fund-schemes/exchange-traded-funds/nifty-bank-etf/dsnbe-direct-growth,BANKETFADD,543738,INF740KA1RX3,06-01-2023,727.27,0.15,0.02,-0.15,2.92
Healthcare,DSP Mutual Fund,DSP Nifty Healthcare ETF,Nifty Healthcare TRI,https://www.dspim.com/invest/mutual-fund-schemes/exchange-traded-funds/nifty-healthcare-etf/dnhce-direct-growth,HEALTHADD,544109,INF740KA1UF4,07-02-2024,11.05,0.2,0.03,-0.27,1.83
IT,DSP Mutual Fund,DSP Nifty IT ETF,NIFTY IT TRI,https://www.dspim.com/invest/mutual-fund-schemes/exchange-traded-funds/nifty-it-etf/dsnit-direct-growth,ITETFADD,543935,INF740KA1SX1,13-07-2023,41.88,0.2,0.05,-0.31,2.4
Private Bank,DSP Mutual Fund,DSP Nifty Private Bank ETF,Nifty Private Bank TRI,https://www.dspim.com/invest/mutual-fund-schemes/exchange-traded-funds/nifty-private-bank-etf/dnpbe-direct-growth#schemeFundDetails,PVTBANKADD,543949,INF740KA1TA7,02-08-2023,442.56,0.16,0.03,-0.16,2.35
PSU Bank,DSP Mutual Fund,DSP Nifty PSU Bank ETF,Nifty PSU Bank TRI,https://www.dspim.com/invest/mutual-fund-schemes/exchange-traded-funds/nifty-psu-bank-etf/dpsub-direct-growth,PSUBANKADD,543948,INF740KA1SY9,02-08-2023,178.96,0.15,0.09,-0.44,2.35
Bank,Edelweiss Mutual Fund,Edelweiss Nifty Bank ETF,Nifty Bank TRI,https://www.edelweissmf.com/types-of-mutual-funds/index-fund/edelweiss-nifty-bank-etf,EBANKNIFTY,,INF754K01TE4,18-12-2015,4.89,0.04,0.04,-0.17,9.98
Realty,Groww Mutual Fund,Groww Nifty Realty ETF,Nifty Realty TRI,https://groww.in/etfs/groww-nifty-realty-etf-ltd,GROWWRLTY,,INF666M01MN2,09-10-2025,7.44,0.42,0,,0.16
Bank,HDFC Mutual Fund,HDFC Nifty Bank ETF,Nifty Bank TRI,https://www.hdfcfund.com/explore/mutual-funds/hdfc-nifty-bank-exchange-traded-fund/regular,HDFCNIFBAN,543224,INF179KC1HY0,28-08-2020,2781.69,0.16,0.02,-0.27,5.28
IT,HDFC Mutual Fund,HDFC Nifty IT ETF,NIFTY IT TRI,https://www.hdfcfund.com/explore/mutual-funds/hdfc-nifty-it-etf/regular,HDFCNIFIT,543665,INF179KC1IA8,22-11-2022,43.81,0.2,0.05,-0.31,3.04
Private Bank,HDFC Mutual Fund,HDFC NIFTY Private Bank ETF,Nifty Private Bank TRI,https://www.hdfcfund.com/explore/mutual-funds/hdfc-nifty-private-bank-etf/regular,HDFCPVTBAN,543666,INF179KC1HZ7,22-11-2022,340.58,0.15,0.02,-0.23,3.04
PSU Bank,HDFC Mutual Fund,HDFC Nifty PSU Bank ETF,Nifty PSU Bank TRI,https://www.hdfcfund.com/explore/mutual-funds/hdfc-nifty-psu-bank-etf/regular,,544110,INF179KC1HW4,07-02-2024,33.84,0.35,0.08,-0.44,1.83
Auto,ICICI Prudential MF,ICICI Pru Nifty Auto ETF,Nifty Auto TRI,https://www.icicietf.com/funds/equity-etf/icici-prudential-nifty-auto-etf,AUTOIETF,543450,INF109KC10V2,18-01-2022,155.58,0.2,0.04,-0.3,3.88
Bank,ICICI Prudential MF,ICICI Prudential Nifty Bank ETF,Nifty Bank TRI,https://www.icicietf.com/funds/equity-etf/icici-prudential-nifty-bank-etf,BANKIETF,542730,INF109KC15I8,15-07-2019,3184.63,0.15,0.02,-0.29,6.4
Financial Services Ex-Bank,ICICI Prudential MF,ICICI Prudential Nifty Financial Services Ex-BaNk ETF,Nifty Financial Services Ex-Bank TRI,https://digitalfactsheet.icicipruamc.com/passive/icici-prudential-nifty-financial-services-ex-bank-etf.php,FINIETF,543677,INF109KC17L8,30-11-2022,218.3,0.2,0.04,-0.37,3.02
FMCG,ICICI Prudential MF,ICICI Prudential Nifty FMCG ETF,Nifty FMCG TRI,https://www.icicietf.com/funds/equity-etf/icici-prudential-nifty-fmcg-etf,FMCGIETF,543326,INF109KC19V3,10-08-2021,662.56,0.2,0.08,-0.28,4.33
Healthcare,ICICI Prudential MF,ICICI Prudential Nifty Healthcare ETF,Nifty Healthcare TRI,https://www.icicietf.com/funds/equity-etf/icici-prudential-nifty-healthcare-etf,HEALTHIETF,543292,INF109KC1Q72,18-05-2021,141.34,0.15,0.05,-0.23,4.56
IT,ICICI Prudential MF,ICICI Prudential Nifty IT ETF,NIFTY IT TRI,https://www.icicietf.com/funds/equity-etf/icici-prudential-nifty-it-etf,ITIETF,543221,INF109KC16I6,20-08-2020,506.36,0.2,0.05,-0.32,5.3
Oil and Gas,ICICI Prudential MF,ICICI Prudential Nifty Oil & Gas ETF,Nifty Oil and Gas TRI,https://www.icicietf.com/funds/equity-etf/icici-prudential-nifty-oil-&-gas-etf,,544216,INF109KC18W3,24-07-2024,222.82,0.4,0.04,-0.27,1.37
Bank,Kotak Mahindra Mutual Fund,Kotak Nifty Bank ETF,Nifty Bank TRI,https://www.kotakmf.com/mutual-funds/passive-funds/kotak-nifty-bank-etf,BANKNIFTY1,590136,INF174K01F59,11-12-2014,5196.37,0.15,0.03,-0.37,10.99
Chemicals,Kotak Mahindra Mutual Fund,Kotak Nifty Chemicals ETF,Nifty Chemicals Index,https://www.kotakmf.com/mutual-funds/passive-funds/kotak-nifty-chemicals-etf,CHEMICAL,,INF174KA1XV0,19-11-2025,,,0.3,-1.94,0.05
IT,Kotak Mahindra Mutual Fund,Kotak Nifty IT ETF,NIFTY IT TRI,https://www.kotakmf.com/mutual-funds/passive-funds/kotak-nifty-it-etf,IT,,INF174KA1GC5,05-03-2021,436.9,0.09,0.05,-0.27,4.76
PSU Bank,Kotak Mahindra Mutual Fund,Kotak Nifty PSU Bank ETF,Nifty PSU Bank TRI,https://www.kotakmf.com/mutual-funds/passive-funds/kotak-nifty-psu-bank-etf,PSUBANK,590107,INF373I01023,16-11-2007,2043.04,0.49,0.09,-0.56,18.07
Bank,Mirae Asset Mutual Fund,Mirae Asset Nifty Bank ETF,Nifty Bank TRI,https://www.miraeassetmf.co.in/mutual-fund-scheme/etf/mirae-asset-nifty-bank-etf,BANKETF,543944,INF769K01KR3,26-07-2023,267.34,0.1,0.02,-0.2,2.37
Financial Services,Mirae Asset Mutual Fund,Mirae Asset Nifty Financial Services ETF,Nifty Financial Services TRI,https://miraeassetetf.co.in/our-etfs/fund?nseSymbol=BFSI,BFSI,543323,INF769K01HI8,30-07-2021,438.29,0.12,0.06,-0.15,4.36
IT,Mirae Asset Mutual Fund,Mirae Asset Nifty IT ETF,NIFTY IT TRI,https://miraeassetetf.co.in/our-etfs/fund?nseSymbol=ITETF,ITETF,544006,INF769K01KV5,26-11-2018,148.8,0.1,0.05,-0.17,7.03
PSU Bank,Mirae Asset Mutual Fund,Mirae Asset Nifty PSU Bank ETF,Nifty PSU Bank TRI,chrome-extension://efaidnbmnnnibpcajpcglclefindmkaj/https://www.miraeassetmf.co.in/docs/default-source/product-presentations/mirae-asset-nifty-psu-bank-etf-ppt---june-25.pdf,BANKPSU,544266,INF769K01LZ4,08-10-2024,53.61,0.19,0.09,-0.32,1.16
Realty,Motilal Oswal Mutual Fund,Motilal Oswal Nifty Realty ETF,Nifty Realty TRI,https://www.motilaloswalmf.com/mutual-funds/motilal-oswal-nifty-realty-etf,MOREALTY,140518732,INF247L01CI4,21-03-2024,196.77,0.4,0.04,-0.92,1.71
Auto,Nippon India Mutual Fund,Nippon Auto ETF,Nifty Auto TRI,https://mf.nipponindiaim.com/FundsAndPerformance/Pages/NipponIndia-Nifty-Auto-ETF.aspx,AUTOBEES,,INF204KC1337,25-01-2022,357.99,0.22,0.04,-0.32,3.87
Bank,Nippon India Mutual Fund,Nippon India ETF Nifty Bank BeES,Nifty Bank TRI,https://mf.nipponindiaim.com/FundsAndPerformance/Pages/NipponIndia-ETF-Nifty-Bank-BeES.aspx,BANKBEES,590106,INF204KB15I9,04-06-2004,7731.4,0.19,0.03,-0.49,21.52
IT,Nippon India Mutual Fund,Nippon India ETF Nifty IT,NIFTY IT TRI,https://mf.nipponindiaim.com/FundsAndPerformance/Pages/NipponIndia-ETF-Nifty-IT.aspx,ITBEES,590141,INF204KB15V2,01-07-2020,2896.96,0.22,0.05,-0.38,5.44
PSU Bank,Nippon India Mutual Fund,Nippon India ETF Nifty PSU Bank BeES,Nifty PSU Bank TRI,https://mf.nipponindiaim.com/FundsAndPerformance/Pages/NipponIndia-ETF-Nifty-PSU-Bank-BeES.aspx,PSUBNKBEES,590108,INF204KB16I7,01-11-2007,3663.17,0.49,0.09,-0.57,18.11
Pharma,Nippon India Mutual Fund,Nippon India Nifty Pharma ETF,Nifty Pharma TRI,https://mf.nipponindiaim.com/FundsAndPerformance/Pages/NipponIndia-Nifty-Pharma-ETF.aspx,PHARMABEES,590142,INF204KC1089,07-07-2021,1022.91,0.21,0.02,-0.28,4.42
Bank,SBI Mutual Fund,SBI Banking ETF,Nifty Bank TRI,https://www.sbimf.com/sbimf-scheme-details/sbi-nifty-bank-etf-formerly-known-as-(sbi-etf-nifty-bank)-417,SETFNIFBK,590137,INF200KA1580,25-03-2015,3997.39,0.19,0.02,-0.34,10.71
IT,SBI Mutual Fund,SBI ETF IT,NIFTY IT TRI,https://www.sbimf.com/sbimf-scheme-details/sbi-nifty-it-etf-577,SBIETFIT,,INF200KA1S14,22-10-2020,73.14,0.2,0.04,-0.28,5.13
Private Bank,SBI Mutual Fund,SBI ETF Private Bank,Nifty Private Bank TRI,https://www.sbimf.com/sbimf-scheme-details/sbi-nifty-private-bank-etf-formerly-known-as-(sbi-etf-private-bank)-576,SBIETFPB,,INF200KA1S22,22-10-2020,519.86,0.15,0.02,-0.28,5.13
Private Bank,Tata Mutual Fund,Tata Nifty Private Bank Exchange Traded Fund,Nifty Private Bank TRI,https://www.tatamutualfund.com/mutual-funds/tata-nifty-private-bank-exchange-traded-fund-direct-growth,NPBET,,INF277K010X4,09-09-2019,11.98,0.13,0.07,0.16,6.25
Bank,UTI Mutual Fund,UTI Nifty Bank ETF,Nifty Bank TRI,https://www.utimf.com/mutual-funds/uti-nifty-bank-etf-0,UTIBANKETF,543226,INF789F1AUV1,03-09-2020,3817.83,0.17,0,0.1,5.26
IT,UTI Mutual Fund,UTI Nifty IT ETF,NIFTY IT TRI,https://www.utimf.com/mutual-funds/uti-nifty-it-etf,NIFITETF,544102,INF789F1AZD8,01-02-2024,6.39,0.19,0,-0.23,1.85
CPSE,Aditya Birla Sun Life MF,Aditya Birla Sun Life Nifty PSE ETF,Nifty CPSE TRI,https://mutualfund.adityabirlacapital.com/products/wealth-creation-solutions/aditya-birla-sun-life-nifty-pse-etf,ABSLPSE,544218,INF209KB19Z4,23-05-2024,32.0103,0.2,0.07,-0.13,1.54
Nifty PSE,Aditya Birla Sun Life MF,Aditya Birla Sun Life Nifty PSE ETF,Nifty PSE TRI,https://mutualfund.adityabirlacapital.com/products/wealth-creation-solutions/aditya-birla-sun-life-nifty-pse-etf,ABSLPSE,544218,INF209KB19Z4,23-05-2024,32.0103,0.2,0.07,-0.13,1.54
India Cosumption,Axis Mutual Fund,Axis NIFTY India Consumption ETF,Nifty India Consumption TRI,https://www.axismf.com/mutual-funds/etfs/axis-nifty-india-consumption-etf/ce-gp,AXISCETF,543357,INF846K016C7,23-09-2021,14.709404,0.38,0.03,-0.35,4.21
EV and New Age Automotive,Groww Mutual Fund,Groww Nifty EV & New Age Automotive ETF,Nifty EV and New Age Automotive  TRI,https://groww.in/etfs/groww-nifty-ev-new-age-automotive-etf,GROWWEV,,INF666M01IH2,12-08-2024,276,0.44,0,-0.48,1.32
Nifty Defence,Groww Mutual Fund,Groww Nifty India Defence ETF,Nifty India Defence TRI,https://www.motilaloswalmf.com/mutual-funds/motilal-oswal-nifty-india-defence-etf,GROWWDEFNC,,INF666M01IO8,11-10-2024,236.0320815,0.43,0,-0.51,1.15
Nifty Internet,Groww Mutual Fund,Groww Nifty India Internet ETF,Nifty India Internet TRI,https://groww.in/etfs/groww-nifty-india-internet-etf-ltd,GROWWNET,,INF666M01LI4,03-07-2025,23.43,0.38,0,,0.43
Railways PSU,Groww Mutual Fund,Groww Nifty India Railways PSU ETF,Nifty India Railways PSU Index TRI.,https://groww.in/etfs/groww-nifty-india-railways-psu-etf,GROWWRAL,94517,INF666M01JJ6,05-02-2025,91.35,0.49,0,,0.83
Commodities,ICICI Prudential MF,ICICI Prudential Nifty Commodities ETF,Nifty Commodities TRI,https://www.icicietf.com/funds/equity-etf/icici-prudential-nifty-commodities-etf,COMMOIETF,543710,INF109KC19O8,21-12-2022,110.46,0.3,0.03,-0.46,2.96
EV and New Age Automotive,ICICI Prudential MF,ICICI Prudential Nifty EV & New Age Automotive ETF,Nifty EV and New Age Automotive  TRI,https://www.icicietf.com/funds/equity-etf/icici-prudential-nifty-ev-&-new-age-automotive,EVIETF,544394,INF109K1A153,15-04-2025,30.72,0.44,0.12,-0.39,0.64
India Cosumption,ICICI Prudential MF,ICICI Prudential Nifty India Consumption ETF,Nifty India Consumption TRI,https://www.icicietf.com/funds/equity-etf/icici-prudential-consumption-etf,CONSUMIETF,543383,INF109KC1V42,02-11-2021,69.06,0.2,0.03,-0.32,4.1
Nifty Infra,ICICI Prudential MF,ICICI Prudential Nifty Infrastructure ETF,Nifty Infrastructure TRI,https://www.icicietf.com/funds/equity-etf/icici-prudential-nifty-infrastructure-etf,INFRAIETF,543571,INF109KC16E5,17-08-2022,349.588636,0.5,0.04,-0.03,3.31
India Cosumption,Kotak Mahindra Mutual Fund,Kotak Nifty India Consumption ETF,Nifty India Consumption TRI,https://www.kotakmf.com/mutual-funds/passive-funds/kotak-nifty-india-consumption-etf,CONS,,INF174KA1JE5,04-08-2022,23.0591,0.1,0.05,-0.33,3.34
Energy,Mirae Asset Mutual Fund,Mirae Asset Nifty Energy ETF,Nifty Energy TRI,https://www.miraeassetmf.co.in/mutual-fund-scheme/etf/mirae-asset-nifty-energy-etf,ENERGY,,INF769K01PR2,13-11-2025,,,0,,0.06
EV and New Age Automotive,Mirae Asset Mutual Fund,Mirae Asset Nifty EV and New Age Automotive ETF,Nifty EV and New Age Automotive  TRI,chrome-extension://efaidnbmnnnibpcajpcglclefindmkaj/https://www.miraeassetmf.co.in/docs/default-source/transaction-forms/mirae-asset-ev-and-new-age-automotive-etf.pdf?sfvrsn=3c745412_2,EVINDIA,544212,INF769K01LQ3,16-07-2024,171,0.39,0.44,-0.44,1.39
Nifty Services,Mirae Asset Mutual Fund,Mirae Asset Nifty Financial Services ETF,Nifty Financial Services TRI,https://miraeassetetf.co.in/our-etfs/fund?nseSymbol=BFSI,BFSI,543323,INF769K01HI8,30-07-2021,438,0.12,0.02,,4.36
Nifty Internet,Mirae Asset Mutual Fund,Mirae Asset Nifty India Internet ETF,Nifty India Internet TRI,https://miraeassetetf.co.in/our-etfs/fund?nseSymbol=INTERNET,INTERNET,544438,INF769K01PB6,18-06-2025,16.52,0.19,0.07,-0.12,0.47
Nifty Manufacturing,Mirae Asset Mutual Fund,Mirae Asset Nifty India Manufacturing ETF,Nifty India Manufacturing TRI,https://miraeassetetf.co.in/our-etfs/fund?nseSymbol=MAKEINDIA,MAKEINDIA,543454,INF769K01IB1,27-01-2022,218.174,0.53,0.05,-0.59,3.86
New Age Consumtion,Mirae Asset Mutual Fund,Mirae Asset Nifty India New Age Consumption ETF,Nifty India New Age Consumption TRI,https://miraeassetetf.co.in/our-etfs/fund?nseSymbol=CONSUMER,CONSUMER,544323,INF769K01NS5,26-12-2024,38.0433,0.3,0.1,-0.32,0.95
Nifty 100 ESG Sector Leaders Index,Mirae Asset Mutual Fund,MIRAE ASSET NIFTY 100 ESG SECTOR LEADERS ETF,Nifty 100 ESG Sector Leaders TRI,https://miraeassetetf.co.in/our-etfs/fund?nseSymbol=ESG,ESG,543246,INF769K01GS9,17-11-2020,117.37,0.1,0.06,-0.78,5.05
Capital Market,Motilal Oswal Mutual Fund,Motilal Oswal Nifty Capital Market ETF,Nifty Capital Market  TRI,https://www.motilaloswalmf.com/mutual-funds/motilal-oswal-nifty-capital-market-etf,MOCAPITAL,,INF247L01EV3,13-05-2025,99.1291,0.53,0.07,-0.65,0.57
Energy,Motilal Oswal Mutual Fund,Motilal Oswal Nifty Energy ETF,Nifty Energy TRI,https://www.motilaloswalmf.com/etf/motilal-oswal-nifty-energy-etf#Performance,MOENERGY,,INF247L01GH7,13-10-2025,,0.5,0.03,-0.15,0.15
Nifty Defence,Motilal Oswal Mutual Fund,Motilal Oswal Nifty India Defence ETF,Nifty India Defence TRI,https://www.motilaloswalmf.com/mutual-funds/motilal-oswal-nifty-india-defence-etf,MODEFENCE,140518913,INF247L01DJ0,27-08-2024,872.0651,0.41,0.1,-0.69,1.28
Nifty Manufacturing,Motilal Oswal Mutual Fund,Motilal Oswal Nifty India Manufacturing ETF,Nifty India Manufacturing TRI,https://www.motilaloswalmf.com/etf/motilal-oswal-nifty-india-manufacturing-etf,MOMGF,,INF247L01FK3,28-05-2025,1.8994,0.52,0.23,-0.46,0.53
Nifty Tourism,Motilal Oswal Mutual Fund,Motilal Oswal Nifty India Tourism ETF,Nifty India Tourism TRI,https://www.motilaloswalmf.com/etf/motilal-oswal-nifty-india-tourism-etf,MOTOUR,,INF247L01FP2,09-06-2025,4.21,0.52,0.52,-0.22,0.49
Nifty MNC,Motilal Oswal Mutual Fund,Motilal Oswal Nifty MNC ETF,Nifty MNC TRI,https://www.icicidirect.com/mutual-funds/nav-details/motilal-oswal-nifty-mnc-etf,MOMNC,,INF247L01GK1,01-12-2025,,,,,0.01
CPSE,Motilal Oswal Mutual Fund,Motilal Oswal Nifty PSE ETF,Nifty CPSE TRI,https://www.motilaloswalmf.com/mutual-funds/motilal-oswal-nifty-pse-etf,MOPSE,,INF247L01FO5,05-06-2025,1.2154,0.52,0.05,-0.4,0.5
Nifty PSE,Motilal Oswal Mutual Fund,Motilal Oswal Nifty PSE ETF,Nifty PSE TRI,https://www.motilaloswalmf.com/mutual-funds/motilal-oswal-nifty-pse-etf,MOPSE,,INF247L01FO5,05-06-2025,1.2154,0.52,0.05,-0.4,0.5
Nifty Services,Motilal Oswal Mutual Fund,Motilal Oswal Nifty Services Sector ETF,Nifty Financial Services TRI,chrome-extension://efaidnbmnnnibpcajpcglclefindmkaj/https://www.motilaloswalmf.com/CMS/assets/uploads/Documents/9d6b8-2.-annexure-ii-kim_motilal-oswal-nifty-service-sector-etf-clean.pdf,MOSERVICE,,INF247L01GJ3,27-11-2025,,,,,0.02
Nifty 50 shariah,Nippon India Mutual Fund,Nippon India ETF Nifty 50 Shariah BeES,Nifty50 Shariah TRI.,https://mf.nipponindiaim.com/FundsAndPerformance/Pages/NipponIndia-ETF-Nifty-50-Shariah-BeES.aspx,SHARIABEES,,INF732E01128,18-03-2009,54.62,0.96,0.1,-1.17,16.73
India Cosumption,Nippon India Mutual Fund,Nippon India ETF Nifty India Consumption,Nifty India Consumption TRI,https://mf.nipponindiaim.com/FundsAndPerformance/Pages/NipponIndia-ETF-Nifty-India-Consumption.aspx,CONSUMBEES,,INF204KA1LD7,11-04-2014,200.582996,0.31,0.03,-0.28,11.66
Nifty Infra,Nippon India Mutual Fund,Nippon India ETF Nifty Infrastructure BeES,Nifty Infrastructure TRI,https://mf.nipponindiaim.com/FundsAndPerformance/Pages/NipponIndia-ETF-Nifty-Infrastructure-BeES.aspx,INFRABEES,543255,INF732E01268,05-10-2010,166.289367,1.03,0.06,-1.2,15.18
India Cosumption,SBI Mutual Fund,SBI ETF Consumption,Nifty India Consumption TRI,https://www.sbimf.com/sbimf-scheme-details/sbi-nifty-consumption-etf-592,SBIETFCON,,INF200KA1X17,02-07-2021,25.1263,0.25,0.02,-0.42,4.43
Nifty Digital,Tata Mutual Fund,Tata Nifty India Digital Exchange Traded Fund,Nifty India Digital TRI,https://www.tatamutualfund.com/mutual-funds/tata-nifty-india-digital-exchange-traded-fund-direct-growth,TNIDETF,,INF277KA1364,08-04-2022,177.3139862,0.39,0.12,-0.26,3.67
Nifty Top 10,DSP Mutual Fund,DSP Nifty Top 10 Equal Weight ETF,Nifty Top 10 Equal Weight TRI,,TOP10ADD,544247,INF740KA1UR9,05-09-2024,783.2408,0.14,0.04,-0.14,1.25
